frame,time_ns,ASP132_OD_WAT_O_HPN_C1_deg
0,0.0,27.821857452392578
1,0.04,18.72488021850586
2,0.08,23.626483917236328
3,0.12,22.166349411010742
4,0.16,29.121124267578125
5,0.2,24.12841033935547
6,0.24,21.355031967163086
7,0.28,21.74639892578125
8,0.32,24.319931030273438
9,0.36,24.394184112548828
10,0.4,59.742549896240234
11,0.44,25.143352508544922
12,0.48,27.046293258666992
13,0.52,23.14383888244629
14,0.56,25.106231689453125
15,0.6,22.57260513305664
16,0.64,35.42837142944336
17,0.68,23.840476989746094
18,0.72,24.785802841186523
19,0.76,26.77845001220703
20,0.8,25.75127410888672
21,0.84,26.23427963256836
22,0.88,24.79096794128418
23,0.92,25.550874710083008
24,0.96,31.904617309570312
25,1.0,29.838912963867188
26,1.04,25.40001678466797
27,1.08,25.46756935119629
28,1.12,25.47176170349121
29,1.16,19.57162857055664
30,1.2,23.2657527923584
31,1.24,26.002147674560547
32,1.28,22.860811233520508
33,1.32,24.848974227905273
34,1.36,28.113996505737305
35,1.4000000000000001,26.823680877685547
36,1.44,26.017654418945312
37,1.48,24.293222427368164
38,1.52,29.410776138305664
39,1.56,30.602272033691406
40,1.6,26.710079193115234
41,1.6400000000000001,22.451210021972656
42,1.68,24.727174758911133
43,1.72,25.239776611328125
44,1.76,33.17772674560547
45,1.8,26.553152084350586
46,1.84,25.033050537109375
47,1.8800000000000001,27.580345153808594
48,1.92,25.960596084594727
49,1.96,21.733388900756836
50,2.0,26.26595115661621
51,2.04,22.708660125732422
52,2.08,31.92300033569336
53,2.12,20.90201187133789
54,2.16,25.85466957092285
55,2.2,28.597915649414062
56,2.24,27.417932510375977
57,2.2800000000000002,30.401823043823242
58,2.32,20.304174423217773
59,2.36,26.906200408935547
60,2.4,31.933013916015625
61,2.44,23.074464797973633
62,2.48,22.293458938598633
63,2.52,27.657682418823242
64,2.56,29.625093460083008
65,2.6,24.928529739379883
66,2.64,28.336740493774414
67,2.68,26.37257194519043
68,2.72,25.106731414794922
69,2.7600000000000002,25.180837631225586
70,2.8000000000000003,24.313413619995117
71,2.84,24.008975982666016
72,2.88,27.480655670166016
73,2.92,25.9697322845459
74,2.96,28.47635269165039
75,3.0,29.0195255279541
76,3.04,28.257905960083008
77,3.08,28.009471893310547
78,3.12,27.78110122680664
79,3.16,27.641889572143555
80,3.2,24.53597640991211
81,3.24,32.843475341796875
82,3.2800000000000002,24.494165420532227
83,3.3200000000000003,27.502849578857422
84,3.36,25.382286071777344
85,3.4,22.914560317993164
86,3.44,22.491729736328125
87,3.48,25.284805297851562
88,3.52,23.26323699951172
89,3.56,29.9150447845459
90,3.6,37.1601448059082
91,3.64,28.380693435668945
92,3.68,24.87375831604004
93,3.72,23.611465454101562
94,3.7600000000000002,23.092103958129883
95,3.8000000000000003,22.10569953918457
96,3.84,22.131175994873047
97,3.88,27.510746002197266
98,3.92,26.74501609802246
99,3.96,30.482921600341797
100,4.0,21.52341651916504
101,4.04,23.002592086791992
102,4.08,29.047048568725586
103,4.12,28.51873207092285
104,4.16,26.034814834594727
105,4.2,26.843585968017578
106,4.24,24.35028839111328
107,4.28,22.031965255737305
108,4.32,29.565568923950195
109,4.36,22.801851272583008
110,4.4,26.877185821533203
111,4.44,28.888216018676758
112,4.48,32.67332077026367
113,4.5200000000000005,21.771080017089844
114,4.5600000000000005,23.097856521606445
115,4.6000000000000005,22.172956466674805
116,4.64,31.206850051879883
117,4.68,29.0957088470459
118,4.72,26.338945388793945
119,4.76,24.56128692626953
120,4.8,28.936599731445312
121,4.84,22.958810806274414
122,4.88,24.657859802246094
123,4.92,21.035625457763672
124,4.96,27.24810218811035
125,5.0,27.04909896850586
126,5.04,27.743629455566406
127,5.08,23.68090057373047
128,5.12,22.487382888793945
129,5.16,23.25098991394043
130,5.2,19.783910751342773
131,5.24,25.879196166992188
132,5.28,28.149789810180664
133,5.32,24.653316497802734
134,5.36,28.66463279724121
135,5.4,27.405372619628906
136,5.44,24.597240447998047
137,5.48,26.127641677856445
138,5.5200000000000005,25.833269119262695
139,5.5600000000000005,23.014482498168945
140,5.6000000000000005,28.866891860961914
141,5.64,26.451148986816406
142,5.68,28.354055404663086
143,5.72,25.554492950439453
144,5.76,23.733800888061523
145,5.8,28.049179077148438
146,5.84,29.849761962890625
147,5.88,25.09248161315918
148,5.92,25.27858543395996
149,5.96,27.30495834350586
150,6.0,27.054723739624023
151,6.04,33.41834259033203
152,6.08,28.018827438354492
153,6.12,28.08614730834961
154,6.16,28.547090530395508
155,6.2,27.180667877197266
156,6.24,21.7812442779541
157,6.28,23.960214614868164
158,6.32,27.854808807373047
159,6.36,27.476085662841797
160,6.4,25.597326278686523
161,6.44,25.715002059936523
162,6.48,51.77351379394531
163,6.5200000000000005,23.752910614013672
164,6.5600000000000005,27.82114601135254
165,6.6000000000000005,29.57061004638672
166,6.640000000000001,22.540876388549805
167,6.68,28.292505264282227
168,6.72,20.178903579711914
169,6.76,26.054548263549805
170,6.8,28.660951614379883
171,6.84,22.463136672973633
172,6.88,24.652629852294922
173,6.92,23.863550186157227
174,6.96,20.732336044311523
175,7.0,25.955665588378906
176,7.04,24.395307540893555
177,7.08,31.78251838684082
178,7.12,26.849252700805664
179,7.16,29.879377365112305
180,7.2,26.37528419494629
181,7.24,28.115272521972656
182,7.28,25.279239654541016
183,7.32,23.508689880371094
184,7.36,24.12396812438965
185,7.4,23.66246795654297
186,7.44,27.512920379638672
187,7.48,26.442230224609375
188,7.5200000000000005,25.374160766601562
189,7.5600000000000005,27.83696174621582
190,7.6000000000000005,28.238046646118164
191,7.640000000000001,26.355119705200195
192,7.68,24.978540420532227
193,7.72,33.71443176269531
194,7.76,28.26699447631836
195,7.8,28.06108856201172
196,7.84,29.12730598449707
197,7.88,24.325708389282227
198,7.92,29.399372100830078
199,7.96,27.319107055664062
200,8.0,26.06973648071289
201,8.040000000000001,26.617687225341797
202,8.08,27.37154197692871
203,8.120000000000001,27.893756866455078
204,8.16,25.77300453186035
205,8.2,27.613794326782227
206,8.24,28.282825469970703
207,8.28,24.476573944091797
208,8.32,24.493696212768555
209,8.36,25.727949142456055
210,8.4,30.342084884643555
211,8.44,25.467769622802734
212,8.48,25.746610641479492
213,8.52,20.571657180786133
214,8.56,25.692096710205078
215,8.6,26.39600944519043
216,8.64,25.370655059814453
217,8.68,25.7996826171875
218,8.72,28.903350830078125
219,8.76,26.692167282104492
220,8.8,25.184377670288086
221,8.84,25.30318832397461
222,8.88,23.459789276123047
223,8.92,25.973669052124023
224,8.96,24.996091842651367
225,9.0,24.163660049438477
226,9.040000000000001,29.48526954650879
227,9.08,29.06341552734375
228,9.120000000000001,24.92536735534668
229,9.16,22.425451278686523
230,9.200000000000001,23.819473266601562
231,9.24,25.666776657104492
232,9.28,29.239168167114258
233,9.32,26.45305824279785
234,9.36,28.505168914794922
235,9.4,22.43017578125
236,9.44,21.301162719726562
237,9.48,22.150585174560547
238,9.52,29.77642250061035
239,9.56,25.675140380859375
240,9.6,22.53728485107422
241,9.64,25.070165634155273
242,9.68,27.078508377075195
243,9.72,29.381853103637695
244,9.76,29.77330207824707
245,9.8,23.1397705078125
246,9.84,24.442533493041992
247,9.88,28.006017684936523
248,9.92,23.43374252319336
249,9.96,29.2675838470459
250,10.0,25.86391830444336
251,10.040000000000001,24.176586151123047
252,10.08,26.245576858520508
253,10.120000000000001,25.398162841796875
254,10.16,28.35624122619629
255,10.200000000000001,28.025663375854492
256,10.24,26.79937744140625
257,10.28,24.712743759155273
258,10.32,23.908166885375977
259,10.36,22.117019653320312
260,10.4,33.705322265625
261,10.44,27.093591690063477
262,10.48,22.242013931274414
263,10.52,24.91963768005371
264,10.56,27.23171043395996
265,10.6,26.09903335571289
266,10.64,26.011137008666992
267,10.68,27.101980209350586
268,10.72,24.62187385559082
269,10.76,27.7695369720459
270,10.8,23.45759391784668
271,10.84,22.55921173095703
272,10.88,24.695520401000977
273,10.92,25.167381286621094
274,10.96,26.19491195678711
275,11.0,34.544212341308594
276,11.040000000000001,28.971406936645508
277,11.08,24.091888427734375
278,11.120000000000001,21.251907348632812
279,11.16,26.635366439819336
280,11.200000000000001,26.654943466186523
281,11.24,25.805063247680664
282,11.28,22.79282569885254
283,11.32,21.083789825439453
284,11.36,20.72905731201172
285,11.4,23.26433563232422
286,11.44,23.68153190612793
287,11.48,27.412153244018555
288,11.52,27.528263092041016
289,11.56,24.230947494506836
290,11.6,25.44051170349121
291,11.64,27.567781448364258
292,11.68,19.339208602905273
293,11.72,20.022415161132812
294,11.76,32.75322723388672
295,11.8,23.64824676513672
296,11.84,21.517824172973633
297,11.88,21.933799743652344
298,11.92,28.6905460357666
299,11.96,25.542638778686523
300,12.0,30.8835391998291
301,12.040000000000001,26.540658950805664
302,12.08,22.876144409179688
303,12.120000000000001,21.692535400390625
304,12.16,22.484283447265625
305,12.200000000000001,29.777185440063477
306,12.24,27.419349670410156
307,12.280000000000001,26.517995834350586
308,12.32,25.121295928955078
309,12.36,22.473615646362305
310,12.4,27.165231704711914
311,12.44,28.98435401916504
312,12.48,26.22104263305664
313,12.52,27.77244758605957
314,12.56,27.68813133239746
315,12.6,25.709312438964844
316,12.64,27.949039459228516
317,12.68,26.2385196685791
318,12.72,35.87298583984375
319,12.76,27.950984954833984
320,12.8,27.435199737548828
321,12.84,27.22631072998047
322,12.88,26.972091674804688
323,12.92,25.455406188964844
324,12.96,30.77579689025879
325,13.0,22.726787567138672
326,13.040000000000001,26.361358642578125
327,13.08,27.72534942626953
328,13.120000000000001,21.572206497192383
329,13.16,24.366186141967773
330,13.200000000000001,27.297624588012695
331,13.24,29.01751136779785
332,13.280000000000001,25.99635887145996
333,13.32,22.801162719726562
334,13.36,25.901485443115234
335,13.4,29.40447235107422
336,13.44,26.14038848876953
337,13.48,26.583311080932617
338,13.52,28.87135887145996
339,13.56,26.822643280029297
340,13.6,31.772607803344727
341,13.64,29.90376853942871
342,13.68,27.413341522216797
343,13.72,24.67864227294922
344,13.76,28.069232940673828
345,13.8,26.244413375854492
346,13.84,25.52418327331543
347,13.88,16.286739349365234
348,13.92,28.953054428100586
349,13.96,25.286090850830078
350,14.0,27.074792861938477
351,14.040000000000001,27.540851593017578
352,14.08,26.617481231689453
353,14.120000000000001,28.250988006591797
354,14.16,24.175804138183594
355,14.200000000000001,25.935575485229492
356,14.24,27.415855407714844
357,14.280000000000001,26.308170318603516
358,14.32,28.348934173583984
359,14.36,27.916501998901367
360,14.4,25.883865356445312
361,14.44,25.621599197387695
362,14.48,27.262313842773438
363,14.52,25.93777084350586
364,14.56,23.907197952270508
365,14.6,23.60324478149414
366,14.64,23.78992462158203
367,14.68,28.835615158081055
368,14.72,24.484296798706055
369,14.76,24.144800186157227
370,14.8,16.6148738861084
371,14.84,26.368741989135742
372,14.88,24.545589447021484
373,14.92,12.727073669433594
374,14.96,27.17230224609375
375,15.0,27.054183959960938
376,15.040000000000001,27.921113967895508
377,15.08,14.074060440063477
378,15.120000000000001,28.257431030273438
379,15.16,26.57195281982422
380,15.200000000000001,26.280426025390625
381,15.24,27.560380935668945
382,15.280000000000001,14.493125915527344
383,15.32,26.524229049682617
384,15.36,22.537168502807617
385,15.4,26.42862319946289
386,15.44,35.093074798583984
387,15.48,34.70998764038086
388,15.52,25.20008659362793
389,15.56,28.250293731689453
390,15.6,31.621912002563477
391,15.64,27.0936222076416
392,15.68,27.256132125854492
393,15.72,28.772525787353516
394,15.76,27.67140769958496
395,15.8,25.79610824584961
396,15.84,27.997957229614258
397,15.88,26.954113006591797
398,15.92,23.286165237426758
399,15.96,26.12377166748047
400,16.0,25.34615707397461
401,16.04,24.064958572387695
402,16.080000000000002,27.891128540039062
403,16.12,25.224096298217773
404,16.16,24.955780029296875
405,16.2,27.50897216796875
406,16.240000000000002,33.622554779052734
407,16.28,20.792749404907227
408,16.32,30.909353256225586
409,16.36,21.985288619995117
410,16.4,22.626413345336914
411,16.44,22.091936111450195
412,16.48,22.881311416625977
413,16.52,26.155776977539062
414,16.56,23.98578453063965
415,16.6,23.413578033447266
416,16.64,23.79663848876953
417,16.68,24.55306053161621
418,16.72,23.993379592895508
419,16.76,29.5625057220459
420,16.8,28.22029685974121
421,16.84,23.117870330810547
422,16.88,26.931509017944336
423,16.92,27.061931610107422
424,16.96,25.47808074951172
425,17.0,27.119613647460938
426,17.04,19.254011154174805
427,17.080000000000002,28.89848518371582
428,17.12,64.38143157958984
429,17.16,23.548845291137695
430,17.2,23.295909881591797
431,17.240000000000002,27.59827423095703
432,17.28,25.61571502685547
433,17.32,29.940031051635742
434,17.36,27.833219528198242
435,17.400000000000002,25.02181053161621
436,17.44,22.836334228515625
437,17.48,28.638599395751953
438,17.52,24.057384490966797
439,17.56,28.432409286499023
440,17.6,26.60955238342285
441,17.64,27.987306594848633
442,17.68,21.8536434173584
443,17.72,26.679916381835938
444,17.76,24.462646484375
445,17.8,26.579015731811523
446,17.84,23.416105270385742
447,17.88,29.604930877685547
448,17.92,21.613622665405273
449,17.96,30.02483367919922
450,18.0,25.464311599731445
451,18.04,29.83718490600586
452,18.080000000000002,23.59665870666504
453,18.12,23.93806266784668
454,18.16,25.476137161254883
455,18.2,25.96673583984375
456,18.240000000000002,26.895904541015625
457,18.28,28.496868133544922
458,18.32,22.842098236083984
459,18.36,26.283859252929688
460,18.400000000000002,26.852676391601562
461,18.44,25.18636131286621
462,18.48,23.94113540649414
463,18.52,24.60700225830078
464,18.56,27.64790916442871
465,18.6,25.028688430786133
466,18.64,25.248384475708008
467,18.68,25.083757400512695
468,18.72,31.00998878479004
469,18.76,27.85464859008789
470,18.8,20.31710433959961
471,18.84,29.628904342651367
472,18.88,25.318933486938477
473,18.92,28.57672691345215
474,18.96,33.848392486572266
475,19.0,29.827503204345703
476,19.04,25.965723037719727
477,19.080000000000002,28.237123489379883
478,19.12,28.320138931274414
479,19.16,24.316171646118164
480,19.2,23.69620132446289
481,19.240000000000002,25.43136978149414
482,19.28,26.330862045288086
483,19.32,26.838308334350586
484,19.36,25.974620819091797
485,19.400000000000002,26.51976203918457
486,19.44,44.36538314819336
487,19.48,56.89537811279297
488,19.52,56.80299377441406
489,19.56,71.2068862915039
490,19.6,44.35834884643555
491,19.64,38.71279525756836
492,19.68,27.351058959960938
493,19.72,29.363771438598633
494,19.76,40.3109245300293
495,19.8,26.40778350830078
496,19.84,27.892887115478516
497,19.88,19.892784118652344
498,19.92,30.234172821044922
499,19.96,29.646547317504883
500,20.0,41.70531463623047
501,20.04,28.93831443786621
502,20.080000000000002,24.527250289916992
503,20.12,27.394025802612305
504,20.16,20.569091796875
505,20.2,23.95235252380371
506,20.240000000000002,17.91450309753418
507,20.28,25.299406051635742
508,20.32,26.03938865661621
509,20.36,20.047327041625977
510,20.400000000000002,22.12157440185547
511,20.44,31.537084579467773
512,20.48,29.32826042175293
513,20.52,26.637453079223633
514,20.56,22.748550415039062
515,20.6,27.394163131713867
516,20.64,20.88657569885254
517,20.68,28.38269805908203
518,20.72,23.33382225036621
519,20.76,26.69812774658203
520,20.8,26.582733154296875
521,20.84,30.70880889892578
522,20.88,25.036468505859375
523,20.92,27.024076461791992
524,20.96,27.896011352539062
525,21.0,28.908559799194336
526,21.04,26.542896270751953
527,21.080000000000002,26.906240463256836
528,21.12,24.23337745666504
529,21.16,26.79167366027832
530,21.2,26.691476821899414
531,21.240000000000002,33.93064498901367
532,21.28,24.129825592041016
533,21.32,22.883928298950195
534,21.36,22.06349754333496
535,21.400000000000002,25.935691833496094
536,21.44,32.11857604980469
537,21.48,24.32761573791504
538,21.52,27.32942008972168
539,21.56,22.106904983520508
540,21.6,27.295568466186523
541,21.64,35.56145477294922
542,21.68,26.511707305908203
543,21.72,18.985197067260742
544,21.76,24.783260345458984
545,21.8,26.65921974182129
546,21.84,28.215354919433594
547,21.88,28.54359245300293
548,21.92,29.20159149169922
549,21.96,31.511701583862305
550,22.0,21.307695388793945
551,22.04,27.243305206298828
552,22.080000000000002,28.992507934570312
553,22.12,48.984161376953125
554,22.16,27.037141799926758
555,22.2,26.860816955566406
556,22.240000000000002,27.758028030395508
557,22.28,23.310869216918945
558,22.32,28.31389617919922
559,22.36,28.21950912475586
560,22.400000000000002,24.272205352783203
561,22.44,27.90030288696289
562,22.48,28.88780975341797
563,22.52,31.85137939453125
564,22.56,27.627412796020508
565,22.6,27.05600929260254
566,22.64,31.941909790039062
567,22.68,29.705337524414062
568,22.72,31.32439613342285
569,22.76,29.932872772216797
570,22.8,25.959692001342773
571,22.84,27.798328399658203
572,22.88,26.17282485961914
573,22.92,20.852313995361328
574,22.96,28.884782791137695
575,23.0,28.84074592590332
576,23.04,27.506988525390625
577,23.080000000000002,25.98345375061035
578,23.12,27.825572967529297
579,23.16,26.752424240112305
580,23.2,28.85361671447754
581,23.240000000000002,26.469444274902344
582,23.28,31.007131576538086
583,23.32,24.837690353393555
584,23.36,28.904983520507812
585,23.400000000000002,29.280261993408203
586,23.44,27.191402435302734
587,23.48,27.086429595947266
588,23.52,28.80131721496582
589,23.56,28.87075424194336
590,23.6,26.0762882232666
591,23.64,26.266786575317383
592,23.68,30.169544219970703
593,23.72,29.900957107543945
594,23.76,29.5699405670166
595,23.8,28.454727172851562
596,23.84,28.766395568847656
597,23.88,28.361732482910156
598,23.92,28.175657272338867
599,23.96,27.419326782226562
600,24.0,25.78274917602539
601,24.04,25.105056762695312
602,24.080000000000002,24.090505599975586
603,24.12,29.931949615478516
604,24.16,25.573984146118164
605,24.2,33.710655212402344
606,24.240000000000002,29.34147071838379
607,24.28,25.357219696044922
608,24.32,25.47923469543457
609,24.36,25.843595504760742
610,24.400000000000002,25.931013107299805
611,24.44,25.34769630432129
612,24.48,29.575855255126953
613,24.52,28.516817092895508
614,24.560000000000002,30.785600662231445
615,24.6,25.661060333251953
616,24.64,30.357847213745117
617,24.68,30.023122787475586
618,24.72,29.58055305480957
619,24.76,29.19647216796875
620,24.8,24.036365509033203
621,24.84,24.111814498901367
622,24.88,26.253400802612305
623,24.92,28.793231964111328
624,24.96,30.06784439086914
625,25.0,24.87421226501465
626,25.04,30.33698081970215
627,25.080000000000002,27.92232894897461
628,25.12,25.783859252929688
629,25.16,25.193113327026367
630,25.2,59.25619125366211
631,25.240000000000002,31.85270118713379
632,25.28,26.34037971496582
633,25.32,54.169925689697266
634,25.36,57.98942947387695
635,25.400000000000002,26.873565673828125
636,25.44,29.69103240966797
637,25.48,23.137990951538086
638,25.52,22.321475982666016
639,25.560000000000002,27.45009422302246
640,25.6,23.525644302368164
641,25.64,23.8692626953125
642,25.68,24.860340118408203
643,25.72,18.355131149291992
644,25.76,21.955638885498047
645,25.8,23.465700149536133
646,25.84,25.544410705566406
647,25.88,28.142444610595703
648,25.92,28.189809799194336
649,25.96,25.27601432800293
650,26.0,26.834487915039062
651,26.04,19.917789459228516
652,26.080000000000002,24.963590621948242
653,26.12,25.28511619567871
654,26.16,28.663393020629883
655,26.2,24.289871215820312
656,26.240000000000002,25.846031188964844
657,26.28,25.29172134399414
658,26.32,29.93303871154785
659,26.36,22.29779624938965
660,26.400000000000002,26.453535079956055
661,26.44,26.82636833190918
662,26.48,24.538057327270508
663,26.52,26.016944885253906
664,26.560000000000002,26.66016387939453
665,26.6,28.771774291992188
666,26.64,27.692760467529297
667,26.68,25.078174591064453
668,26.72,27.259504318237305
669,26.76,29.773759841918945
670,26.8,28.666589736938477
671,26.84,25.124544143676758
672,26.88,25.552410125732422
673,26.92,30.21446990966797
674,26.96,26.06330108642578
675,27.0,22.81930160522461
676,27.04,26.117403030395508
677,27.080000000000002,21.651844024658203
678,27.12,28.79017448425293
679,27.16,28.446210861206055
680,27.2,26.683916091918945
681,27.240000000000002,22.554298400878906
682,27.28,27.71723747253418
683,27.32,22.428895950317383
684,27.36,24.735280990600586
685,27.400000000000002,29.49639320373535
686,27.44,25.91266441345215
687,27.48,26.698484420776367
688,27.52,25.687702178955078
689,27.560000000000002,23.801015853881836
690,27.6,25.818302154541016
691,27.64,26.11952781677246
692,27.68,27.587263107299805
693,27.72,23.82857894897461
694,27.76,27.895076751708984
695,27.8,24.96651840209961
696,27.84,25.025606155395508
697,27.88,27.169443130493164
698,27.92,23.188146591186523
699,27.96,28.429798126220703
700,28.0,25.755611419677734
701,28.04,28.605091094970703
702,28.080000000000002,29.214326858520508
703,28.12,32.1601676940918
704,28.16,29.438032150268555
705,28.2,27.34937858581543
706,28.240000000000002,30.162527084350586
707,28.28,26.230693817138672
708,28.32,23.782398223876953
709,28.36,28.638540267944336
710,28.400000000000002,27.872915267944336
711,28.44,30.05816078186035
712,28.48,27.919601440429688
713,28.52,27.208662033081055
714,28.560000000000002,28.223478317260742
715,28.6,34.18622589111328
716,28.64,26.295978546142578
717,28.68,26.019559860229492
718,28.72,27.812423706054688
719,28.76,26.252939224243164
720,28.8,25.414527893066406
721,28.84,24.367534637451172
722,28.88,25.7988338470459
723,28.92,27.98820686340332
724,28.96,24.55190086364746
725,29.0,31.513565063476562
726,29.04,28.190345764160156
727,29.080000000000002,29.886320114135742
728,29.12,24.36219596862793
729,29.16,24.616586685180664
730,29.2,26.932435989379883
731,29.240000000000002,29.538230895996094
732,29.28,20.767539978027344
733,29.32,28.612009048461914
734,29.36,19.999530792236328
735,29.400000000000002,25.961681365966797
736,29.44,33.2994270324707
737,29.48,32.92675018310547
738,29.52,24.32079315185547
739,29.560000000000002,21.195493698120117
740,29.6,25.51919174194336
741,29.64,27.40207862854004
742,29.68,24.492708206176758
743,29.72,31.303356170654297
744,29.76,30.115436553955078
745,29.8,28.754486083984375
746,29.84,30.185169219970703
747,29.88,35.040828704833984
748,29.92,24.610370635986328
749,29.96,23.872039794921875
750,30.0,22.662799835205078
751,30.04,28.49079132080078
752,30.080000000000002,27.280790328979492
753,30.12,26.501699447631836
754,30.16,30.047212600708008
755,30.2,29.548185348510742
756,30.240000000000002,28.682241439819336
757,30.28,23.888017654418945
758,30.32,22.353776931762695
759,30.36,33.362552642822266
760,30.400000000000002,23.733537673950195
761,30.44,26.493858337402344
762,30.48,25.61615753173828
763,30.52,26.543376922607422
764,30.560000000000002,25.053483963012695
765,30.6,23.22827911376953
766,30.64,29.470243453979492
767,30.68,24.367259979248047
768,30.72,24.59831428527832
769,30.76,26.938257217407227
770,30.8,24.78546905517578
771,30.84,27.494670867919922
772,30.88,26.416229248046875
773,30.92,25.729143142700195
774,30.96,22.949907302856445
775,31.0,26.670612335205078
776,31.04,26.759136199951172
777,31.080000000000002,28.750518798828125
778,31.12,24.330543518066406
779,31.16,25.098228454589844
780,31.2,28.819637298583984
781,31.240000000000002,24.15769386291504
782,31.28,27.166221618652344
783,31.32,26.000349044799805
784,31.36,30.393964767456055
785,31.400000000000002,31.049341201782227
786,31.44,23.19388771057129
787,31.48,29.742124557495117
788,31.52,30.743146896362305
789,31.560000000000002,30.118680953979492
790,31.6,22.262664794921875
791,31.64,27.12529182434082
792,31.68,28.984968185424805
793,31.720000000000002,25.416746139526367
794,31.76,28.42038917541504
795,31.8,30.072463989257812
796,31.84,30.951034545898438
797,31.88,24.595869064331055
798,31.92,25.019268035888672
799,31.96,20.754352569580078
800,32.0,25.62242889404297
801,32.04,33.39998245239258
802,32.08,29.08670997619629
803,32.12,32.526206970214844
804,32.160000000000004,32.83495330810547
805,32.2,39.7552490234375
806,32.24,36.874507904052734
807,32.28,28.692623138427734
808,32.32,21.854421615600586
809,32.36,25.711572647094727
810,32.4,23.543127059936523
811,32.44,29.647558212280273
812,32.480000000000004,22.943933486938477
813,32.52,31.751516342163086
814,32.56,25.704444885253906
815,32.6,28.35628318786621
816,32.64,22.12948989868164
817,32.68,30.65951919555664
818,32.72,29.84398078918457
819,32.76,24.65097427368164
820,32.8,25.268362045288086
821,32.84,25.33635139465332
822,32.88,25.472309112548828
823,32.92,30.660717010498047
824,32.96,29.35271644592285
825,33.0,66.83265686035156
826,33.04,37.441070556640625
827,33.08,49.246986389160156
828,33.12,39.06014633178711
829,33.160000000000004,66.98746490478516
830,33.2,37.213172912597656
831,33.24,28.72942352294922
832,33.28,24.029691696166992
833,33.32,23.722759246826172
834,33.36,22.787263870239258
835,33.4,24.455669403076172
836,33.44,20.097475051879883
837,33.480000000000004,25.569910049438477
838,33.52,24.175168991088867
839,33.56,28.468149185180664
840,33.6,25.608367919921875
841,33.64,29.26784324645996
842,33.68,29.62056541442871
843,33.72,24.85958480834961
844,33.76,31.752744674682617
845,33.8,22.392223358154297
846,33.84,23.888870239257812
847,33.88,21.148279190063477
848,33.92,36.9505729675293
849,33.96,57.38083267211914
850,34.0,53.770713806152344
851,34.04,61.16383361816406
852,34.08,60.144195556640625
853,34.12,26.51144790649414
854,34.160000000000004,23.30663299560547
855,34.2,26.891300201416016
856,34.24,27.85683250427246
857,34.28,25.149179458618164
858,34.32,24.93926239013672
859,34.36,33.75553894042969
860,34.4,26.05878448486328
861,34.44,30.735368728637695
862,34.480000000000004,26.916114807128906
863,34.52,25.074098587036133
864,34.56,28.538454055786133
865,34.6,28.02994155883789
866,34.64,27.015668869018555
867,34.68,26.6733455657959
868,34.72,25.61064338684082
869,34.76,30.02827262878418
870,34.800000000000004,29.39211654663086
871,34.84,25.709793090820312
872,34.88,31.325864791870117
873,34.92,31.13551139831543
874,34.96,28.755252838134766
875,35.0,29.481950759887695
876,35.04,25.93716049194336
877,35.08,43.156986236572266
878,35.12,27.07367706298828
879,35.160000000000004,31.441986083984375
880,35.2,33.411380767822266
881,35.24,40.40315628051758
882,35.28,30.33238410949707
883,35.32,25.096540451049805
884,35.36,27.11190414428711
885,35.4,24.47960662841797
886,35.44,38.93242263793945
887,35.480000000000004,24.381006240844727
888,35.52,29.551406860351562
889,35.56,23.775527954101562
890,35.6,25.933076858520508
891,35.64,24.278627395629883
892,35.68,27.480958938598633
893,35.72,23.818195343017578
894,35.76,25.66250228881836
895,35.800000000000004,27.725900650024414
896,35.84,25.93764305114746
897,35.88,52.02672576904297
898,35.92,47.55714416503906
899,35.96,25.566608428955078
900,36.0,30.342208862304688
901,36.04,77.97079467773438
902,36.08,90.4358901977539
903,36.12,72.89628601074219
904,36.160000000000004,92.13803100585938
905,36.2,92.84661865234375
906,36.24,76.98114776611328
907,36.28,81.17688751220703
908,36.32,92.14605712890625
909,36.36,88.53538513183594
910,36.4,93.43928527832031
911,36.44,88.57592010498047
912,36.480000000000004,102.65392303466797
913,36.52,101.3009262084961
914,36.56,91.84475708007812
915,36.6,83.90357971191406
916,36.64,83.64765167236328
917,36.68,78.37470245361328
918,36.72,51.65123748779297
919,36.76,89.09561920166016
920,36.800000000000004,64.0023422241211
921,36.84,85.34932708740234
922,36.88,80.44566345214844
923,36.92,70.14969635009766
924,36.96,87.07975769042969
925,37.0,103.25489807128906
926,37.04,110.61905670166016
927,37.08,93.36272430419922
928,37.12,89.86530303955078
929,37.160000000000004,81.81719207763672
930,37.2,80.02606201171875
931,37.24,56.911338806152344
932,37.28,66.86819458007812
933,37.32,104.60010528564453
934,37.36,94.64281463623047
935,37.4,77.52523040771484
936,37.44,84.33177947998047
937,37.480000000000004,75.10812377929688
938,37.52,82.97089385986328
939,37.56,89.19823455810547
940,37.6,86.69098663330078
941,37.64,92.23384094238281
942,37.68,84.89126586914062
943,37.72,100.52325439453125
944,37.76,87.775146484375
945,37.800000000000004,98.52678680419922
946,37.84,82.5707778930664
947,37.88,59.09515380859375
948,37.92,80.05271911621094
949,37.96,87.31607818603516
950,38.0,63.50604248046875
951,38.04,48.46967315673828
952,38.08,60.1374626159668
953,38.12,63.75428771972656
954,38.160000000000004,62.577327728271484
955,38.2,102.88993835449219
956,38.24,60.479915618896484
957,38.28,56.364627838134766
958,38.32,101.66604614257812
959,38.36,84.0562973022461
960,38.4,68.14401245117188
961,38.44,51.64192199707031
962,38.480000000000004,64.72744750976562
963,38.52,46.840843200683594
964,38.56,63.21080017089844
965,38.6,34.896217346191406
966,38.64,70.04082489013672
967,38.68,48.89691925048828
968,38.72,82.73819732666016
969,38.76,114.71025085449219
970,38.800000000000004,54.700992584228516
971,38.84,81.72669219970703
972,38.88,61.88260269165039
973,38.92,65.0645523071289
974,38.96,64.92646026611328
975,39.0,79.40464782714844
976,39.04,65.3565444946289
977,39.08,60.47671890258789
978,39.12,46.12653732299805
979,39.160000000000004,86.90302276611328
980,39.2,57.667564392089844
981,39.24,62.18360900878906
982,39.28,53.763973236083984
983,39.32,53.491024017333984
984,39.36,69.6972885131836
985,39.4,91.61675262451172
986,39.44,66.59759521484375
987,39.480000000000004,61.47895431518555
988,39.52,57.66868591308594
989,39.56,60.57841873168945
990,39.6,47.291988372802734
991,39.64,61.4941291809082
992,39.68,85.86913299560547
993,39.72,98.62055969238281
994,39.76,52.071571350097656
995,39.800000000000004,59.13479232788086
996,39.84,58.52033233642578
997,39.88,53.41542053222656
998,39.92,62.76102828979492
999,39.96,92.9651870727539
1000,40.0,60.0273323059082
1001,40.04,62.47274398803711
1002,40.08,54.17296600341797
1003,40.12,60.71189498901367
1004,40.160000000000004,103.34422302246094
1005,40.2,47.9734001159668
1006,40.24,92.60639953613281
1007,40.28,64.15744018554688
1008,40.32,79.09186553955078
1009,40.36,86.74864196777344
1010,40.4,65.08614349365234
1011,40.44,99.105224609375
1012,40.480000000000004,75.8586196899414
1013,40.52,51.06006622314453
1014,40.56,63.49835205078125
1015,40.6,84.26113891601562
1016,40.64,66.29105377197266
1017,40.68,70.44892883300781
1018,40.72,63.01774597167969
1019,40.76,105.81494903564453
1020,40.800000000000004,58.189849853515625
1021,40.84,101.70973205566406
1022,40.88,97.1906509399414
1023,40.92,91.90367889404297
1024,40.96,85.35734558105469
1025,41.0,87.46211242675781
1026,41.04,99.23450469970703
1027,41.08,70.78463745117188
1028,41.12,117.16605377197266
1029,41.160000000000004,90.19320678710938
1030,41.2,87.51850128173828
1031,41.24,92.05656433105469
1032,41.28,93.24459838867188
1033,41.32,64.02613830566406
1034,41.36,46.77719497680664
1035,41.4,78.8775634765625
1036,41.44,91.78697204589844
1037,41.480000000000004,84.85453033447266
1038,41.52,99.26193237304688
1039,41.56,79.8377456665039
1040,41.6,85.4599609375
1041,41.64,89.35000610351562
1042,41.68,102.37037658691406
1043,41.72,87.87711334228516
1044,41.76,97.07279205322266
1045,41.800000000000004,101.1189956665039
1046,41.84,69.69184875488281
1047,41.88,84.7944564819336
1048,41.92,87.20516967773438
1049,41.96,87.70465850830078
1050,42.0,93.16462707519531
1051,42.04,64.3882827758789
1052,42.08,66.71002960205078
1053,42.12,59.100189208984375
1054,42.160000000000004,85.93991088867188
1055,42.2,78.56620025634766
1056,42.24,92.42391204833984
1057,42.28,81.10940551757812
1058,42.32,82.4045181274414
1059,42.36,84.96266174316406
1060,42.4,86.35961151123047
1061,42.44,77.77645874023438
1062,42.480000000000004,92.1229248046875
1063,42.52,63.48258972167969
1064,42.56,92.69978332519531
1065,42.6,57.57651901245117
1066,42.64,79.72266387939453
1067,42.68,64.27363586425781
1068,42.72,95.35078430175781
1069,42.76,101.1290283203125
1070,42.800000000000004,108.42707824707031
1071,42.84,97.1596908569336
1072,42.88,78.9390869140625
1073,42.92,73.53935241699219
1074,42.96,92.73806762695312
1075,43.0,75.2914810180664
1076,43.04,92.19683837890625
1077,43.08,54.597938537597656
1078,43.12,49.474037170410156
1079,43.160000000000004,74.5815200805664
1080,43.2,85.32699584960938
1081,43.24,95.62026977539062
1082,43.28,93.94715118408203
1083,43.32,96.1794204711914
1084,43.36,93.89676666259766
1085,43.4,65.88884735107422
1086,43.44,66.22309112548828
1087,43.480000000000004,62.816261291503906
1088,43.52,55.85532760620117
1089,43.56,88.64805603027344
1090,43.6,83.43641662597656
1091,43.64,73.15591430664062
1092,43.68,81.08350372314453
1093,43.72,33.3363151550293
1094,43.76,94.44631958007812
1095,43.800000000000004,86.05989074707031
1096,43.84,104.98841857910156
1097,43.88,95.93323516845703
1098,43.92,90.24232482910156
1099,43.96,105.40319061279297
1100,44.0,83.64775848388672
1101,44.04,90.89567565917969
1102,44.08,93.82254028320312
1103,44.12,83.23101806640625
1104,44.160000000000004,61.00190353393555
1105,44.2,86.51447296142578
1106,44.24,61.0406608581543
1107,44.28,60.40840148925781
1108,44.32,60.220027923583984
1109,44.36,77.53479766845703
1110,44.4,91.78681182861328
1111,44.44,60.43478012084961
1112,44.480000000000004,63.11146545410156
1113,44.52,68.75846099853516
1114,44.56,64.4174575805664
1115,44.6,64.34432983398438
1116,44.64,68.26213836669922
1117,44.68,67.59638214111328
1118,44.72,94.87142944335938
1119,44.76,52.30061721801758
1120,44.800000000000004,69.07799530029297
1121,44.84,66.71665954589844
1122,44.88,92.03042602539062
1123,44.92,54.77123260498047
1124,44.96,86.00940704345703
1125,45.0,63.14826965332031
1126,45.04,78.3901138305664
1127,45.08,71.04679107666016
1128,45.12,60.72017288208008
1129,45.160000000000004,76.04739379882812
1130,45.2,90.65711975097656
1131,45.24,84.8871078491211
1132,45.28,89.14717102050781
1133,45.32,86.85823059082031
1134,45.36,77.52806854248047
1135,45.4,76.49970245361328
1136,45.44,79.28409576416016
1137,45.480000000000004,50.51243591308594
1138,45.52,59.40994644165039
1139,45.56,58.62205505371094
1140,45.6,74.5312271118164
1141,45.64,78.33199310302734
1142,45.68,81.6482925415039
1143,45.72,76.54247283935547
1144,45.76,65.44190216064453
1145,45.800000000000004,86.15058898925781
1146,45.84,54.62870788574219
1147,45.88,51.90441131591797
1148,45.92,56.385643005371094
1149,45.96,58.78091049194336
1150,46.0,54.7100944519043
1151,46.04,57.356258392333984
1152,46.08,81.50243377685547
1153,46.12,67.89949798583984
1154,46.160000000000004,58.96502685546875
1155,46.2,53.91448974609375
1156,46.24,60.72121047973633
1157,46.28,62.30109405517578
1158,46.32,83.40153503417969
1159,46.36,65.19375610351562
1160,46.4,84.80181884765625
1161,46.44,49.236717224121094
1162,46.480000000000004,84.6915512084961
1163,46.52,62.17747116088867
1164,46.56,54.3888053894043
1165,46.6,71.17279052734375
1166,46.64,59.96686553955078
1167,46.68,52.30522537231445
1168,46.72,61.587738037109375
1169,46.76,78.30973815917969
1170,46.800000000000004,55.7476921081543
1171,46.84,37.733909606933594
1172,46.88,64.640380859375
1173,46.92,88.08477783203125
1174,46.96,91.70764923095703
1175,47.0,65.8989486694336
1176,47.04,60.16050720214844
1177,47.08,73.04861450195312
1178,47.12,61.205833435058594
1179,47.160000000000004,73.035400390625
1180,47.2,94.4306869506836
1181,47.24,80.69081115722656
1182,47.28,53.6506462097168
1183,47.32,63.365997314453125
1184,47.36,89.6226806640625
1185,47.4,40.38471603393555
1186,47.44,91.64017486572266
1187,47.480000000000004,106.47054290771484
1188,47.52,90.44027709960938
1189,47.56,104.44873809814453
1190,47.6,60.229042053222656
1191,47.64,86.52925109863281
1192,47.68,81.37005615234375
1193,47.72,44.894561767578125
1194,47.76,91.7225341796875
1195,47.800000000000004,87.03651428222656
1196,47.84,75.23600006103516
1197,47.88,86.45541381835938
1198,47.92,70.11337280273438
1199,47.96,51.387123107910156
1200,48.0,81.18930053710938
1201,48.04,85.46961975097656
1202,48.08,92.55699920654297
1203,48.120000000000005,91.6252670288086
1204,48.160000000000004,61.62778091430664
1205,48.2,58.98398208618164
1206,48.24,100.21739196777344
1207,48.28,75.79869079589844
1208,48.32,23.57150650024414
1209,48.36,48.937538146972656
1210,48.4,63.868431091308594
1211,48.44,66.03337860107422
1212,48.480000000000004,63.63124084472656
1213,48.52,63.70157241821289
1214,48.56,71.4703140258789
1215,48.6,76.61091613769531
1216,48.64,49.63870620727539
1217,48.68,83.81534576416016
1218,48.72,57.54401397705078
1219,48.76,70.82231140136719
1220,48.800000000000004,65.01319885253906
1221,48.84,73.18595886230469
1222,48.88,64.31754302978516
1223,48.92,80.27684783935547
1224,48.96,61.073184967041016
1225,49.0,63.21190643310547
1226,49.04,76.28485870361328
1227,49.08,47.36997985839844
1228,49.120000000000005,73.00707244873047
1229,49.160000000000004,61.985836029052734
1230,49.2,57.299198150634766
1231,49.24,54.424407958984375
1232,49.28,72.09064483642578
1233,49.32,71.36787414550781
1234,49.36,55.9029541015625
1235,49.4,60.513370513916016
1236,49.44,59.18454360961914
1237,49.480000000000004,60.11787414550781
1238,49.52,60.75739669799805
1239,49.56,63.39946365356445
1240,49.6,57.708641052246094
1241,49.64,48.55696487426758
1242,49.68,64.7686538696289
1243,49.72,51.3170166015625
1244,49.76,80.83949279785156
1245,49.800000000000004,74.79560852050781
1246,49.84,68.20599365234375
1247,49.88,68.29308319091797
1248,49.92,57.552310943603516
1249,49.96,72.11754608154297
1250,50.0,84.29414367675781
1251,50.04,73.57816314697266
1252,50.08,84.03275299072266
1253,50.120000000000005,78.10003662109375
1254,50.160000000000004,91.33251953125
1255,50.2,77.6239242553711
1256,50.24,52.679439544677734
1257,50.28,88.88578796386719
1258,50.32,63.74283218383789
1259,50.36,89.03070068359375
1260,50.4,83.98133087158203
1261,50.44,82.79932403564453
1262,50.480000000000004,90.77735137939453
1263,50.52,85.7212905883789
1264,50.56,91.45138549804688
1265,50.6,84.77953338623047
1266,50.64,92.74946594238281
1267,50.68,93.82752227783203
1268,50.72,83.2796859741211
1269,50.76,87.22199249267578
1270,50.800000000000004,79.12113189697266
1271,50.84,85.70713806152344
1272,50.88,86.83524322509766
1273,50.92,90.71601867675781
1274,50.96,102.56731414794922
1275,51.0,97.24962615966797
1276,51.04,86.77740478515625
1277,51.08,92.82463073730469
1278,51.120000000000005,75.43267822265625
1279,51.160000000000004,83.81604766845703
1280,51.2,85.71224975585938
1281,51.24,75.36905670166016
1282,51.28,83.9072265625
1283,51.32,69.88591766357422
1284,51.36,94.1369857788086
1285,51.4,73.37226867675781
1286,51.44,82.81594848632812
1287,51.480000000000004,87.60868835449219
1288,51.52,84.02145385742188
1289,51.56,88.80194854736328
1290,51.6,84.27497863769531
1291,51.64,74.12091827392578
1292,51.68,80.77330780029297
1293,51.72,88.7429428100586
1294,51.76,91.478515625
1295,51.800000000000004,86.70807647705078
1296,51.84,91.66964721679688
1297,51.88,90.61436462402344
1298,51.92,82.88636779785156
1299,51.96,85.81171417236328
1300,52.0,94.87263488769531
1301,52.04,87.74748229980469
1302,52.08,85.80989074707031
1303,52.120000000000005,91.38087463378906
1304,52.160000000000004,88.76322937011719
1305,52.2,80.25302124023438
1306,52.24,90.5828628540039
1307,52.28,82.86000061035156
1308,52.32,98.56759643554688
1309,52.36,87.91934967041016
1310,52.4,73.2039794921875
1311,52.44,76.17200469970703
1312,52.480000000000004,87.2841567993164
1313,52.52,85.78152465820312
1314,52.56,94.71479797363281
1315,52.6,73.6734619140625
1316,52.64,82.044189453125
1317,52.68,93.08372497558594
1318,52.72,95.19366455078125
1319,52.76,85.71145629882812
1320,52.800000000000004,95.70052337646484
1321,52.84,103.7872314453125
1322,52.88,94.6549072265625
1323,52.92,86.76478576660156
1324,52.96,95.66072845458984
1325,53.0,92.74610137939453
1326,53.04,90.19365692138672
1327,53.08,90.78185272216797
1328,53.120000000000005,85.69596099853516
1329,53.160000000000004,92.36748504638672
1330,53.2,99.22210693359375
1331,53.24,91.86690521240234
1332,53.28,94.50038146972656
1333,53.32,98.97138214111328
1334,53.36,89.28746032714844
1335,53.4,89.77458190917969
1336,53.44,82.72119140625
1337,53.480000000000004,84.30590057373047
1338,53.52,92.027587890625
1339,53.56,87.2167739868164
1340,53.6,92.4788589477539
1341,53.64,89.32575225830078
1342,53.68,102.7499008178711
1343,53.72,87.28240203857422
1344,53.76,88.10760498046875
1345,53.800000000000004,85.07996368408203
1346,53.84,93.92514038085938
1347,53.88,92.3890609741211
1348,53.92,85.25944519042969
1349,53.96,104.75639343261719
1350,54.0,95.71001434326172
1351,54.04,97.36002349853516
1352,54.08,95.68547058105469
1353,54.120000000000005,85.04086303710938
1354,54.160000000000004,82.69522094726562
1355,54.2,92.04450225830078
1356,54.24,91.32093811035156
1357,54.28,94.54344940185547
1358,54.32,96.61894989013672
1359,54.36,73.17138671875
1360,54.4,83.8625259399414
1361,54.44,85.09162902832031
1362,54.480000000000004,78.68861389160156
1363,54.52,85.65165710449219
1364,54.56,86.77378845214844
1365,54.6,87.88790130615234
1366,54.64,91.04468536376953
1367,54.68,83.8646011352539
1368,54.72,79.65956115722656
1369,54.76,75.56049346923828
1370,54.800000000000004,88.27400207519531
1371,54.84,88.11861419677734
1372,54.88,95.3705062866211
1373,54.92,94.05302429199219
1374,54.96,87.81131744384766
1375,55.0,96.4623794555664
1376,55.04,100.28726959228516
1377,55.08,91.98463439941406
1378,55.120000000000005,82.95706176757812
1379,55.160000000000004,84.8843002319336
1380,55.2,88.00566101074219
1381,55.24,99.25276947021484
1382,55.28,86.30735778808594
1383,55.32,88.64492797851562
1384,55.36,82.83150482177734
1385,55.4,87.9168472290039
1386,55.44,92.36599731445312
1387,55.480000000000004,93.16401672363281
1388,55.52,95.22898864746094
1389,55.56,111.05220031738281
1390,55.6,92.70584869384766
1391,55.64,82.42757415771484
1392,55.68,103.2237548828125
1393,55.72,85.3829116821289
1394,55.76,88.72367858886719
1395,55.800000000000004,108.13790130615234
1396,55.84,83.37755584716797
1397,55.88,87.54367065429688
1398,55.92,85.1177749633789
1399,55.96,93.58386993408203
1400,56.0,84.08415985107422
1401,56.04,80.66097259521484
1402,56.08,109.54432678222656
1403,56.120000000000005,92.6279296875
1404,56.160000000000004,91.33831024169922
1405,56.2,97.49616241455078
1406,56.24,97.38610076904297
1407,56.28,95.8139419555664
1408,56.32,87.6155776977539
1409,56.36,81.10436248779297
1410,56.4,88.03993225097656
1411,56.44,96.17848205566406
1412,56.480000000000004,93.04708099365234
1413,56.52,84.92262268066406
1414,56.56,86.3438491821289
1415,56.6,93.47308349609375
1416,56.64,93.55914306640625
1417,56.68,84.68580627441406
1418,56.72,95.78079223632812
1419,56.76,96.4159164428711
1420,56.800000000000004,101.20207977294922
1421,56.84,91.03279113769531
1422,56.88,92.84715270996094
1423,56.92,89.89105224609375
1424,56.96,86.01130676269531
1425,57.0,88.31415557861328
1426,57.04,87.57622528076172
1427,57.08,75.8828125
1428,57.120000000000005,87.82637786865234
1429,57.160000000000004,83.35275268554688
1430,57.2,83.46483612060547
1431,57.24,89.92222595214844
1432,57.28,71.48485565185547
1433,57.32,93.77228546142578
1434,57.36,87.61276245117188
1435,57.4,74.26224517822266
1436,57.44,89.33773040771484
1437,57.480000000000004,85.83496856689453
1438,57.52,72.94439697265625
1439,57.56,88.59664154052734
1440,57.6,82.06568145751953
1441,57.64,82.13005828857422
1442,57.68,85.97818756103516
1443,57.72,77.14563751220703
1444,57.76,70.87226104736328
1445,57.800000000000004,84.92874908447266
1446,57.84,79.1155776977539
1447,57.88,85.92214965820312
1448,57.92,85.58893585205078
1449,57.96,75.03052520751953
1450,58.0,77.04531860351562
1451,58.04,103.58073425292969
1452,58.08,74.58739471435547
1453,58.120000000000005,77.70125579833984
1454,58.160000000000004,82.82009887695312
1455,58.2,73.04857635498047
1456,58.24,76.57957458496094
1457,58.28,87.46878051757812
1458,58.32,78.46662902832031
1459,58.36,93.14790344238281
1460,58.4,69.6598129272461
1461,58.44,88.04452514648438
1462,58.480000000000004,89.1074447631836
1463,58.52,93.0296859741211
1464,58.56,91.37102508544922
1465,58.6,79.02835845947266
1466,58.64,75.56405639648438
1467,58.68,89.95726013183594
1468,58.72,94.22591400146484
1469,58.76,86.25639343261719
1470,58.800000000000004,93.85581970214844
1471,58.84,91.76509857177734
1472,58.88,75.19974517822266
1473,58.92,63.85081100463867
1474,58.96,96.63899993896484
1475,59.0,82.48258972167969
1476,59.04,89.8506851196289
1477,59.08,77.71504974365234
1478,59.120000000000005,89.67179870605469
1479,59.160000000000004,86.23017120361328
1480,59.2,92.56944274902344
1481,59.24,87.75724029541016
1482,59.28,87.20380401611328
1483,59.32,57.20894241333008
1484,59.36,78.86762237548828
1485,59.4,96.77753448486328
1486,59.44,89.5953598022461
1487,59.480000000000004,90.11299133300781
1488,59.52,89.60950469970703
1489,59.56,88.40354919433594
1490,59.6,45.21292495727539
1491,59.64,52.71131896972656
1492,59.68,70.93251037597656
1493,59.72,34.3216552734375
1494,59.76,86.89702606201172
1495,59.800000000000004,94.38011169433594
1496,59.84,93.49166870117188
1497,59.88,89.16483306884766
1498,59.92,89.29135131835938
1499,59.96,84.60714721679688
1500,60.0,84.82357788085938
1501,60.04,100.06444549560547
1502,60.08,86.7874984741211
1503,60.120000000000005,96.05021667480469
1504,60.160000000000004,91.47075653076172
1505,60.2,103.12126159667969
1506,60.24,93.56758117675781
1507,60.28,91.40702819824219
1508,60.32,95.76393127441406
1509,60.36,89.61642456054688
1510,60.4,85.42892456054688
1511,60.44,96.7813949584961
1512,60.480000000000004,102.33062744140625
1513,60.52,91.33894348144531
1514,60.56,95.6744155883789
1515,60.6,84.20878601074219
1516,60.64,86.39674377441406
1517,60.68,95.841796875
1518,60.72,101.89529418945312
1519,60.76,86.7807846069336
1520,60.800000000000004,80.53749084472656
1521,60.84,91.12751770019531
1522,60.88,89.09012603759766
1523,60.92,83.17706298828125
1524,60.96,80.7841567993164
1525,61.0,79.99575805664062
1526,61.04,82.17193603515625
1527,61.08,84.5809555053711
1528,61.120000000000005,97.7383804321289
1529,61.160000000000004,91.53077697753906
1530,61.2,86.62322235107422
1531,61.24,69.01898956298828
1532,61.28,86.57130432128906
1533,61.32,87.43000030517578
1534,61.36,80.75267791748047
1535,61.4,76.36731719970703
1536,61.44,90.68009185791016
1537,61.480000000000004,75.33699035644531
1538,61.52,100.29033660888672
1539,61.56,101.59037780761719
1540,61.6,95.03729248046875
1541,61.64,92.06653594970703
1542,61.68,109.65837860107422
1543,61.72,57.79573440551758
1544,61.76,62.514244079589844
1545,61.800000000000004,62.993412017822266
1546,61.84,99.90674591064453
1547,61.88,100.30912017822266
1548,61.92,61.044620513916016
1549,61.96,95.55569458007812
1550,62.0,91.33096313476562
1551,62.04,79.85254669189453
1552,62.08,81.20386505126953
1553,62.120000000000005,100.47613525390625
1554,62.160000000000004,84.83381652832031
1555,62.2,80.08621978759766
1556,62.24,93.69816589355469
1557,62.28,93.5648422241211
1558,62.32,84.85818481445312
1559,62.36,81.9486083984375
1560,62.4,85.93222045898438
1561,62.440000000000005,92.34131622314453
1562,62.480000000000004,81.1405029296875
1563,62.52,86.7244644165039
1564,62.56,81.19856262207031
1565,62.6,80.1117935180664
1566,62.64,85.0560531616211
1567,62.68,91.34998321533203
1568,62.72,91.63447570800781
1569,62.76,89.13888549804688
1570,62.800000000000004,94.72569274902344
1571,62.84,98.80440521240234
1572,62.88,81.68260192871094
1573,62.92,86.84752655029297
1574,62.96,91.74357604980469
1575,63.0,86.20674896240234
1576,63.04,104.95304107666016
1577,63.08,100.32809448242188
1578,63.120000000000005,96.45556640625
1579,63.160000000000004,89.06171417236328
1580,63.2,84.16857147216797
1581,63.24,81.81836700439453
1582,63.28,87.37174987792969
1583,63.32,89.129638671875
1584,63.36,87.99053955078125
1585,63.4,92.75299072265625
1586,63.440000000000005,86.65265655517578
1587,63.480000000000004,86.4011001586914
1588,63.52,84.21427154541016
1589,63.56,91.89057159423828
1590,63.6,95.06494903564453
1591,63.64,84.53304290771484
1592,63.68,89.0096664428711
1593,63.72,89.3319091796875
1594,63.76,72.85182189941406
1595,63.800000000000004,88.2697982788086
1596,63.84,93.10116577148438
1597,63.88,92.83741760253906
1598,63.92,87.4233627319336
1599,63.96,78.64163208007812
1600,64.0,35.566070556640625
1601,64.04,75.55380249023438
1602,64.08,88.14990234375
1603,64.12,88.66184997558594
1604,64.16,70.91626739501953
1605,64.2,89.81378936767578
1606,64.24,91.61823272705078
1607,64.28,97.04357147216797
1608,64.32000000000001,106.27869415283203
1609,64.36,74.45816040039062
1610,64.4,92.2979965209961
1611,64.44,97.1034164428711
1612,64.48,82.59098052978516
1613,64.52,103.1205825805664
1614,64.56,90.86569213867188
1615,64.6,93.8653793334961
1616,64.64,99.31201934814453
1617,64.68,82.13465881347656
1618,64.72,93.14859771728516
1619,64.76,93.69508361816406
1620,64.8,93.30244445800781
1621,64.84,77.03475189208984
1622,64.88,75.68304443359375
1623,64.92,83.11486053466797
1624,64.96000000000001,90.64736938476562
1625,65.0,94.07075500488281
1626,65.04,84.63812255859375
1627,65.08,96.52700805664062
1628,65.12,103.3094711303711
1629,65.16,116.63921356201172
1630,65.2,83.43049621582031
1631,65.24,96.88871765136719
1632,65.28,85.39948272705078
1633,65.32000000000001,94.6395034790039
1634,65.36,89.31746673583984
1635,65.4,87.477783203125
1636,65.44,75.80360412597656
1637,65.48,84.86692810058594
1638,65.52,80.0953598022461
1639,65.56,82.3308334350586
1640,65.6,76.63749694824219
1641,65.64,89.37409973144531
1642,65.68,83.15158081054688
1643,65.72,112.58761596679688
1644,65.76,62.67571258544922
1645,65.8,78.7220230102539
1646,65.84,104.7587661743164
1647,65.88,98.43525695800781
1648,65.92,104.9967269897461
1649,65.96000000000001,70.1468276977539
1650,66.0,89.56674194335938
1651,66.04,90.43549346923828
1652,66.08,97.85449981689453
1653,66.12,74.67514038085938
1654,66.16,97.90431213378906
1655,66.2,87.14153289794922
1656,66.24,103.11373138427734
1657,66.28,86.44215393066406
1658,66.32000000000001,95.7035140991211
1659,66.36,85.01449584960938
1660,66.4,42.34088897705078
1661,66.44,84.51986694335938
1662,66.48,84.02015686035156
1663,66.52,75.9175033569336
1664,66.56,97.1502914428711
1665,66.6,81.78840637207031
1666,66.64,84.00955963134766
1667,66.68,95.62176513671875
1668,66.72,98.01692199707031
1669,66.76,90.86869049072266
1670,66.8,98.08448028564453
1671,66.84,51.41844177246094
1672,66.88,100.36408996582031
1673,66.92,40.823524475097656
1674,66.96000000000001,89.55293273925781
1675,67.0,91.219482421875
1676,67.04,105.91692352294922
1677,67.08,102.27410888671875
1678,67.12,80.2955322265625
1679,67.16,98.86026763916016
1680,67.2,76.27240753173828
1681,67.24,83.46602630615234
1682,67.28,86.78912353515625
1683,67.32000000000001,79.5708236694336
1684,67.36,90.59390258789062
1685,67.4,84.34457397460938
1686,67.44,94.43807983398438
1687,67.48,91.18315887451172
1688,67.52,91.757080078125
1689,67.56,77.45132446289062
1690,67.6,93.345947265625
1691,67.64,81.06643676757812
1692,67.68,89.73515319824219
1693,67.72,103.24554443359375
1694,67.76,85.38523864746094
1695,67.8,83.30756378173828
1696,67.84,95.68482208251953
1697,67.88,90.80516815185547
1698,67.92,77.96455383300781
1699,67.96000000000001,86.79635620117188
1700,68.0,86.65689086914062
1701,68.04,92.06953430175781
1702,68.08,81.97688293457031
1703,68.12,63.87886428833008
1704,68.16,93.59230041503906
1705,68.2,53.4137077331543
1706,68.24,40.05733871459961
1707,68.28,57.1461296081543
1708,68.32000000000001,72.62676239013672
1709,68.36,48.7471923828125
1710,68.4,64.44120788574219
1711,68.44,36.668067932128906
1712,68.48,23.622879028320312
1713,68.52,44.32557678222656
1714,68.56,47.1505126953125
1715,68.60000000000001,56.20347213745117
1716,68.64,43.60913848876953
1717,68.68,54.962791442871094
1718,68.72,43.894554138183594
1719,68.76,41.67581558227539
1720,68.8,55.16218566894531
1721,68.84,46.769813537597656
1722,68.88,55.50254821777344
1723,68.92,40.21531677246094
1724,68.96000000000001,23.90179443359375
1725,69.0,43.52777099609375
1726,69.04,49.984519958496094
1727,69.08,28.211532592773438
1728,69.12,74.28416442871094
1729,69.16,74.31183624267578
1730,69.2,95.2968521118164
1731,69.24,83.34080505371094
1732,69.28,82.72722625732422
1733,69.32000000000001,98.64875030517578
1734,69.36,85.39932250976562
1735,69.4,92.56192016601562
1736,69.44,91.03162384033203
1737,69.48,74.49337005615234
1738,69.52,71.76319885253906
1739,69.56,105.80314636230469
1740,69.60000000000001,85.4335708618164
1741,69.64,71.85066223144531
1742,69.68,85.79437255859375
1743,69.72,99.80105590820312
1744,69.76,88.59125518798828
1745,69.8,76.04058074951172
1746,69.84,58.60626983642578
1747,69.88,88.86046600341797
1748,69.92,43.99235153198242
1749,69.96000000000001,84.02716827392578
1750,70.0,60.491737365722656
1751,70.04,54.416744232177734
1752,70.08,55.337894439697266
1753,70.12,69.69463348388672
1754,70.16,89.44847106933594
1755,70.2,63.91264343261719
1756,70.24,62.58431625366211
1757,70.28,69.56816864013672
1758,70.32000000000001,86.04293823242188
1759,70.36,58.4681510925293
1760,70.4,70.92424011230469
1761,70.44,60.429359436035156
1762,70.48,57.62331771850586
1763,70.52,46.321311950683594
1764,70.56,64.73883819580078
1765,70.60000000000001,61.81277847290039
1766,70.64,52.65743637084961
1767,70.68,52.810691833496094
1768,70.72,63.973228454589844
1769,70.76,75.21656799316406
1770,70.8,85.33614349365234
1771,70.84,60.95500183105469
1772,70.88,84.03738403320312
1773,70.92,92.10931396484375
1774,70.96000000000001,54.221038818359375
1775,71.0,67.404052734375
1776,71.04,60.610877990722656
1777,71.08,55.84540939331055
1778,71.12,63.526519775390625
1779,71.16,61.100929260253906
1780,71.2,50.60021209716797
1781,71.24,59.37263107299805
1782,71.28,69.45367431640625
1783,71.32000000000001,53.70285415649414
1784,71.36,64.68598937988281
1785,71.4,49.03258514404297
1786,71.44,53.55043029785156
1787,71.48,52.33426284790039
1788,71.52,59.30419921875
1789,71.56,62.94436264038086
1790,71.60000000000001,84.15918731689453
1791,71.64,46.719478607177734
1792,71.68,93.42453002929688
1793,71.72,64.50458526611328
1794,71.76,56.80282211303711
1795,71.8,105.06957244873047
1796,71.84,79.54266357421875
1797,71.88,83.77747344970703
1798,71.92,72.64427185058594
1799,71.96000000000001,49.66731262207031
1800,72.0,71.07020568847656
1801,72.04,76.29927825927734
1802,72.08,109.03919982910156
1803,72.12,84.38258361816406
1804,72.16,84.59337615966797
1805,72.2,75.7735824584961
1806,72.24,72.37264251708984
1807,72.28,79.59114074707031
1808,72.32000000000001,51.41803741455078
1809,72.36,54.61274337768555
1810,72.4,53.687660217285156
1811,72.44,58.44369125366211
1812,72.48,83.33507537841797
1813,72.52,56.74922561645508
1814,72.56,50.394710540771484
1815,72.60000000000001,52.80024337768555
1816,72.64,48.51832580566406
1817,72.68,83.56800842285156
1818,72.72,74.93850708007812
1819,72.76,86.17507934570312
1820,72.8,63.03696060180664
1821,72.84,80.76042175292969
1822,72.88,101.3924331665039
1823,72.92,84.0280990600586
1824,72.96000000000001,66.08047485351562
1825,73.0,81.20858764648438
1826,73.04,95.74126434326172
1827,73.08,100.90845489501953
1828,73.12,93.93914031982422
1829,73.16,80.50756072998047
1830,73.2,88.74154663085938
1831,73.24,98.64155578613281
1832,73.28,79.44412994384766
1833,73.32000000000001,90.95670318603516
1834,73.36,89.7596435546875
1835,73.4,96.40885162353516
1836,73.44,99.46393585205078
1837,73.48,84.83916473388672
1838,73.52,57.831722259521484
1839,73.56,96.9590835571289
1840,73.60000000000001,81.53506469726562
1841,73.64,79.75698852539062
1842,73.68,109.0285873413086
1843,73.72,92.45002746582031
1844,73.76,98.2154541015625
1845,73.8,88.44599914550781
1846,73.84,91.82262420654297
1847,73.88,95.23027038574219
1848,73.92,85.54711151123047
1849,73.96000000000001,99.4496841430664
1850,74.0,80.76050567626953
1851,74.04,87.82179260253906
1852,74.08,78.50469970703125
1853,74.12,83.00541687011719
1854,74.16,112.98503875732422
1855,74.2,78.48470306396484
1856,74.24,81.24989318847656
1857,74.28,82.10194396972656
1858,74.32000000000001,93.19921875
1859,74.36,92.55171203613281
1860,74.4,96.01183319091797
1861,74.44,82.26004028320312
1862,74.48,79.4334487915039
1863,74.52,79.99130249023438
1864,74.56,85.1741943359375
1865,74.60000000000001,79.93170166015625
1866,74.64,80.23746490478516
1867,74.68,86.29400634765625
1868,74.72,85.51741790771484
1869,74.76,70.44390869140625
1870,74.8,47.66575622558594
1871,74.84,57.79623031616211
1872,74.88,76.78549194335938
1873,74.92,62.24315643310547
1874,74.96000000000001,60.66658401489258
1875,75.0,55.006343841552734
1876,75.04,83.7580337524414
1877,75.08,61.23494338989258
1878,75.12,58.85538864135742
1879,75.16,85.28324890136719
1880,75.2,93.34017181396484
1881,75.24,39.5994987487793
1882,75.28,55.86567306518555
1883,75.32000000000001,85.8252182006836
1884,75.36,88.30506896972656
1885,75.4,96.50611114501953
1886,75.44,44.366310119628906
1887,75.48,95.59711456298828
1888,75.52,92.23824310302734
1889,75.56,104.08139038085938
1890,75.60000000000001,109.95927429199219
1891,75.64,97.53804779052734
1892,75.68,89.54817962646484
1893,75.72,95.67034149169922
1894,75.76,52.862056732177734
1895,75.8,66.1187515258789
1896,75.84,68.56703186035156
1897,75.88,95.7044448852539
1898,75.92,65.2738037109375
1899,75.96000000000001,63.70991897583008
1900,76.0,64.81373596191406
1901,76.04,93.25283813476562
1902,76.08,50.85057830810547
1903,76.12,66.29412841796875
1904,76.16,55.87845230102539
1905,76.2,57.13203811645508
1906,76.24,53.318931579589844
1907,76.28,54.43238830566406
1908,76.32000000000001,50.988624572753906
1909,76.36,61.35908889770508
1910,76.4,60.32012939453125
1911,76.44,78.40104675292969
1912,76.48,88.18592071533203
1913,76.52,86.65118408203125
1914,76.56,115.65907287597656
1915,76.60000000000001,55.78749465942383
1916,76.64,67.2497329711914
1917,76.68,67.17073059082031
1918,76.72,56.98448944091797
1919,76.76,102.03024291992188
1920,76.8,100.3571548461914
1921,76.84,91.78389739990234
1922,76.88,107.41243743896484
1923,76.92,41.109901428222656
1924,76.96000000000001,45.469730377197266
1925,77.0,83.93032836914062
1926,77.04,84.47187805175781
1927,77.08,96.40718841552734
1928,77.12,38.70043182373047
1929,77.16,52.98691940307617
1930,77.2,88.14311981201172
1931,77.24,82.49220275878906
1932,77.28,87.27581787109375
1933,77.32000000000001,88.18164825439453
1934,77.36,83.49886322021484
1935,77.4,98.72262573242188
1936,77.44,85.9644546508789
1937,77.48,99.13214874267578
1938,77.52,89.880615234375
1939,77.56,81.92460632324219
1940,77.60000000000001,83.11835479736328
1941,77.64,86.24320983886719
1942,77.68,100.71800994873047
1943,77.72,37.71150207519531
1944,77.76,99.44666290283203
1945,77.8,58.044578552246094
1946,77.84,63.45047378540039
1947,77.88,57.474159240722656
1948,77.92,88.87969970703125
1949,77.96000000000001,97.38941192626953
1950,78.0,94.95832824707031
1951,78.04,87.3554916381836
1952,78.08,91.41136932373047
1953,78.12,90.76822662353516
1954,78.16,89.54397583007812
1955,78.2,91.94888305664062
1956,78.24,82.03590393066406
1957,78.28,87.55522155761719
1958,78.32000000000001,90.04063415527344
1959,78.36,77.10429382324219
1960,78.4,88.10163879394531
1961,78.44,83.87887573242188
1962,78.48,88.96629333496094
1963,78.52,86.29232788085938
1964,78.56,89.40892791748047
1965,78.60000000000001,82.36943054199219
1966,78.64,85.48936462402344
1967,78.68,101.10662078857422
1968,78.72,87.32630920410156
1969,78.76,88.37435150146484
1970,78.8,94.65797424316406
1971,78.84,105.04316711425781
1972,78.88,88.70941162109375
1973,78.92,91.29312896728516
1974,78.96000000000001,83.13123321533203
1975,79.0,87.67691040039062
1976,79.04,76.55980682373047
1977,79.08,82.96794891357422
1978,79.12,93.46415710449219
1979,79.16,87.8541259765625
1980,79.2,88.77167510986328
1981,79.24,89.06735229492188
1982,79.28,84.945068359375
1983,79.32000000000001,81.30056762695312
1984,79.36,105.2807388305664
1985,79.4,76.11235046386719
1986,79.44,87.56483459472656
1987,79.48,84.55610656738281
1988,79.52,91.53081512451172
1989,79.56,86.06373596191406
1990,79.60000000000001,80.55491638183594
1991,79.64,82.84075164794922
1992,79.68,79.45344543457031
1993,79.72,85.67552185058594
1994,79.76,88.98207092285156
1995,79.8,79.25672912597656
1996,79.84,80.98475646972656
1997,79.88,65.4039306640625
1998,79.92,76.60407257080078
1999,79.96000000000001,65.17041778564453
2000,80.0,72.80426025390625
2001,80.04,89.18364715576172
2002,80.08,87.67337799072266
2003,80.12,91.82247161865234
2004,80.16,87.43690490722656
2005,80.2,97.9157943725586
2006,80.24,85.13407897949219
2007,80.28,79.23685455322266
2008,80.32000000000001,98.07539367675781
2009,80.36,79.82176971435547
2010,80.4,97.17545318603516
2011,80.44,106.2853775024414
2012,80.48,82.52103424072266
2013,80.52,80.6221694946289
2014,80.56,97.89259338378906
2015,80.60000000000001,73.38655853271484
2016,80.64,68.502685546875
2017,80.68,64.67256927490234
2018,80.72,63.431732177734375
2019,80.76,70.62743377685547
2020,80.8,55.72539138793945
2021,80.84,65.79595947265625
2022,80.88,60.33531951904297
2023,80.92,66.21869659423828
2024,80.96000000000001,71.94737243652344
2025,81.0,60.1624870300293
2026,81.04,87.58462524414062
2027,81.08,57.97699737548828
2028,81.12,52.26685333251953
2029,81.16,63.263668060302734
2030,81.2,66.4684066772461
2031,81.24,89.92268371582031
2032,81.28,90.65908813476562
2033,81.32000000000001,55.2136344909668
2034,81.36,60.40166091918945
2035,81.4,66.29158782958984
2036,81.44,61.75957107543945
2037,81.48,61.5108642578125
2038,81.52,64.69112396240234
2039,81.56,71.73320770263672
2040,81.60000000000001,64.4239501953125
2041,81.64,57.99960708618164
2042,81.68,59.83439254760742
2043,81.72,61.56832504272461
2044,81.76,67.28927612304688
2045,81.8,54.19925308227539
2046,81.84,100.40044403076172
2047,81.88,64.77950286865234
2048,81.92,76.33480834960938
2049,81.96000000000001,60.01829147338867
2050,82.0,60.38119125366211
2051,82.04,61.173057556152344
2052,82.08,67.0229263305664
2053,82.12,65.9188232421875
2054,82.16,100.4782485961914
2055,82.2,62.72738265991211
2056,82.24,59.73263931274414
2057,82.28,62.67084884643555
2058,82.32000000000001,61.75090408325195
2059,82.36,80.54781341552734
2060,82.4,72.18126678466797
2061,82.44,83.75871276855469
2062,82.48,61.38507843017578
2063,82.52,62.45219421386719
2064,82.56,60.87131118774414
2065,82.60000000000001,59.467525482177734
2066,82.64,64.86959838867188
2067,82.68,63.6450309753418
2068,82.72,59.17793655395508
2069,82.76,63.6116943359375
2070,82.8,57.33149719238281
2071,82.84,65.97216796875
2072,82.88,66.82559967041016
2073,82.92,66.14921569824219
2074,82.96000000000001,69.86080932617188
2075,83.0,92.51648712158203
2076,83.04,63.738304138183594
2077,83.08,63.29161834716797
2078,83.12,59.921504974365234
2079,83.16,47.30598831176758
2080,83.2,65.45623779296875
2081,83.24,63.064144134521484
2082,83.28,64.54718017578125
2083,83.32000000000001,60.338172912597656
2084,83.36,64.55719757080078
2085,83.4,59.01871109008789
2086,83.44,57.13425064086914
2087,83.48,72.30594635009766
2088,83.52,55.47951126098633
2089,83.56,50.2225341796875
2090,83.60000000000001,50.75094985961914
2091,83.64,54.27686309814453
2092,83.68,75.17777252197266
2093,83.72,59.06547164916992
2094,83.76,69.58745574951172
2095,83.8,42.79391098022461
2096,83.84,78.51904296875
2097,83.88,57.88636779785156
2098,83.92,43.1440315246582
2099,83.96000000000001,59.62661361694336
2100,84.0,56.971412658691406
2101,84.04,48.276302337646484
2102,84.08,64.21284484863281
2103,84.12,59.3475227355957
2104,84.16,57.96245193481445
2105,84.2,58.45877456665039
2106,84.24,70.28455352783203
2107,84.28,52.95570373535156
2108,84.32000000000001,59.17939758300781
2109,84.36,67.44375610351562
2110,84.4,75.08924102783203
2111,84.44,63.546443939208984
2112,84.48,56.54921340942383
2113,84.52,60.7369499206543
2114,84.56,85.18617248535156
2115,84.60000000000001,63.82926940917969
2116,84.64,67.16072845458984
2117,84.68,59.6622314453125
2118,84.72,63.19388961791992
2119,84.76,54.985984802246094
2120,84.8,81.68495178222656
2121,84.84,65.23853302001953
2122,84.88,77.49763488769531
2123,84.92,55.396217346191406
2124,84.96000000000001,51.86134338378906
2125,85.0,86.14952087402344
2126,85.04,63.361202239990234
2127,85.08,56.120670318603516
2128,85.12,44.92958068847656
2129,85.16,59.64322280883789
2130,85.2,61.18159484863281
2131,85.24,61.897064208984375
2132,85.28,46.17174530029297
2133,85.32000000000001,59.66303253173828
2134,85.36,92.01680755615234
2135,85.4,91.28966522216797
2136,85.44,66.41551208496094
2137,85.48,57.32455825805664
2138,85.52,53.79353713989258
2139,85.56,51.52371597290039
2140,85.60000000000001,58.598018646240234
2141,85.64,74.69085693359375
2142,85.68,49.41476821899414
2143,85.72,89.84490203857422
2144,85.76,66.24635314941406
2145,85.8,69.85677337646484
2146,85.84,62.30904769897461
2147,85.88,85.80963897705078
2148,85.92,57.28932189941406
2149,85.96000000000001,53.72486877441406
2150,86.0,54.21714401245117
2151,86.04,72.28675842285156
2152,86.08,57.761314392089844
2153,86.12,80.58321380615234
2154,86.16,62.73213577270508
2155,86.2,60.32712173461914
2156,86.24,72.7697982788086
2157,86.28,94.16084289550781
2158,86.32000000000001,86.04752349853516
2159,86.36,81.36905670166016
2160,86.4,85.66786193847656
2161,86.44,48.081851959228516
2162,86.48,90.53575897216797
2163,86.52,34.76375198364258
2164,86.56,89.080078125
2165,86.60000000000001,59.8634033203125
2166,86.64,76.66691589355469
2167,86.68,68.6152114868164
2168,86.72,74.64879608154297
2169,86.76,71.33045196533203
2170,86.8,62.484615325927734
2171,86.84,94.21912384033203
2172,86.88,97.95772552490234
2173,86.92,43.82167053222656
2174,86.96000000000001,56.89779281616211
2175,87.0,70.62542724609375
2176,87.04,67.00919342041016
2177,87.08,59.133609771728516
2178,87.12,66.08688354492188
2179,87.16,64.8619613647461
2180,87.2,55.04038619995117
2181,87.24,80.31013488769531
2182,87.28,53.6483154296875
2183,87.32000000000001,63.88841247558594
2184,87.36,66.47053527832031
2185,87.4,66.9629898071289
2186,87.44,64.49813842773438
2187,87.48,51.368141174316406
2188,87.52,65.96704864501953
2189,87.56,54.06817626953125
2190,87.60000000000001,55.34379196166992
2191,87.64,60.18123245239258
2192,87.68,67.47184753417969
2193,87.72,62.63325500488281
2194,87.76,88.0571060180664
2195,87.8,49.32662582397461
2196,87.84,52.856529235839844
2197,87.88,54.728179931640625
2198,87.92,77.77484893798828
2199,87.96000000000001,57.75236129760742
2200,88.0,68.1081314086914
2201,88.04,58.301734924316406
2202,88.08,58.946372985839844
2203,88.12,69.24011993408203
2204,88.16,55.28367233276367
2205,88.2,67.76008605957031
2206,88.24,78.22908782958984
2207,88.28,73.86787414550781
2208,88.32000000000001,67.64830780029297
2209,88.36,65.88038635253906
2210,88.4,64.52864837646484
2211,88.44,61.69927978515625
2212,88.48,88.67959594726562
2213,88.52,83.52825164794922
2214,88.56,59.060302734375
2215,88.60000000000001,62.26272964477539
2216,88.64,61.514625549316406
2217,88.68,71.69290161132812
2218,88.72,92.99288940429688
2219,88.76,59.37421798706055
2220,88.8,65.77821350097656
2221,88.84,61.344390869140625
2222,88.88,55.79988098144531
2223,88.92,67.63334655761719
2224,88.96000000000001,60.63973617553711
2225,89.0,55.33564376831055
2226,89.04,60.66409683227539
2227,89.08,60.89303970336914
2228,89.12,64.920654296875
2229,89.16,65.7730484008789
2230,89.2,57.393367767333984
2231,89.24,69.7947006225586
2232,89.28,58.22101593017578
2233,89.32000000000001,82.2093276977539
2234,89.36,95.40511322021484
2235,89.4,93.8259506225586
2236,89.44,64.6473159790039
2237,89.48,57.430877685546875
2238,89.52,72.09120178222656
2239,89.56,59.54676818847656
2240,89.60000000000001,65.7015380859375
2241,89.64,59.64693832397461
2242,89.68,62.3446159362793
2243,89.72,56.27437210083008
2244,89.76,42.7522087097168
2245,89.8,59.782989501953125
2246,89.84,63.85181427001953
2247,89.88,49.985687255859375
2248,89.92,85.48475646972656
2249,89.96000000000001,62.86491394042969
2250,90.0,79.77467346191406
2251,90.04,75.5662612915039
2252,90.08,60.42623519897461
2253,90.12,60.681827545166016
2254,90.16,66.6910629272461
2255,90.2,54.15767288208008
2256,90.24,77.54175567626953
2257,90.28,61.09894943237305
2258,90.32000000000001,57.424991607666016
2259,90.36,42.09471893310547
2260,90.4,89.71976470947266
2261,90.44,52.71778106689453
2262,90.48,98.0201644897461
2263,90.52,89.17253112792969
2264,90.56,111.39265441894531
2265,90.60000000000001,82.80120849609375
2266,90.64,79.54997253417969
2267,90.68,61.84727096557617
2268,90.72,68.70817565917969
2269,90.76,57.89647674560547
2270,90.8,65.99268341064453
2271,90.84,70.57648468017578
2272,90.88,61.088356018066406
2273,90.92,58.75765609741211
2274,90.96000000000001,56.377471923828125
2275,91.0,60.104637145996094
2276,91.04,55.2745475769043
2277,91.08,58.05111312866211
2278,91.12,61.7021484375
2279,91.16,51.32613754272461
2280,91.2,49.658287048339844
2281,91.24,62.2891960144043
2282,91.28,62.924072265625
2283,91.32000000000001,64.86953735351562
2284,91.36,81.25914764404297
2285,91.4,83.67510986328125
2286,91.44,54.771766662597656
2287,91.48,55.21662521362305
2288,91.52,76.14167022705078
2289,91.56,51.403663635253906
2290,91.60000000000001,66.25503540039062
2291,91.64,77.1635513305664
2292,91.68,102.34151458740234
2293,91.72,57.92584228515625
2294,91.76,55.24010467529297
2295,91.8,62.274784088134766
2296,91.84,65.8114242553711
2297,91.88,61.04402542114258
2298,91.92,59.063079833984375
2299,91.96000000000001,48.79825973510742
2300,92.0,55.38356018066406
2301,92.04,63.345027923583984
2302,92.08,55.487369537353516
2303,92.12,52.26885986328125
2304,92.16,82.1281967163086
2305,92.2,57.505313873291016
2306,92.24,57.65324020385742
2307,92.28,58.46570587158203
2308,92.32000000000001,61.381935119628906
2309,92.36,61.96970748901367
2310,92.4,61.79743194580078
2311,92.44,64.56419372558594
2312,92.48,57.798797607421875
2313,92.52,56.061466217041016
2314,92.56,104.81244659423828
2315,92.60000000000001,38.369911193847656
2316,92.64,64.71539306640625
2317,92.68,85.82960510253906
2318,92.72,65.07157135009766
2319,92.76,66.6521224975586
2320,92.8,64.1164779663086
2321,92.84,60.97829818725586
2322,92.88,72.63069915771484
2323,92.92,95.3313217163086
2324,92.96000000000001,72.79769134521484
2325,93.0,65.79435729980469
2326,93.04,65.75945281982422
2327,93.08,75.5982666015625
2328,93.12,64.75542449951172
2329,93.16,67.83386993408203
2330,93.2,61.49781799316406
2331,93.24,67.69353485107422
2332,93.28,63.379364013671875
2333,93.32000000000001,59.396366119384766
2334,93.36,46.03033447265625
2335,93.4,57.100337982177734
2336,93.44,55.99028778076172
2337,93.48,65.1109848022461
2338,93.52,67.3121566772461
2339,93.56,51.649967193603516
2340,93.60000000000001,57.0830192565918
2341,93.64,67.08061981201172
2342,93.68,67.32422637939453
2343,93.72,63.40409469604492
2344,93.76,83.92185974121094
2345,93.8,57.83255386352539
2346,93.84,63.501502990722656
2347,93.88,63.74187088012695
2348,93.92,52.7965202331543
2349,93.96000000000001,69.9824447631836
2350,94.0,61.176292419433594
2351,94.04,65.08462524414062
2352,94.08,65.14488983154297
2353,94.12,65.25323486328125
2354,94.16,54.22465896606445
2355,94.2,65.95907592773438
2356,94.24,68.4898452758789
2357,94.28,49.330528259277344
2358,94.32000000000001,71.60623931884766
2359,94.36,64.4945068359375
2360,94.4,42.31438446044922
2361,94.44,67.84056091308594
2362,94.48,84.137939453125
2363,94.52,56.688140869140625
2364,94.56,41.7006721496582
2365,94.60000000000001,64.00004577636719
2366,94.64,69.87126922607422
2367,94.68,81.32054138183594
2368,94.72,64.75039672851562
2369,94.76,60.020668029785156
2370,94.8,63.50746536254883
2371,94.84,64.532958984375
2372,94.88,67.42668151855469
2373,94.92,70.15294647216797
2374,94.96000000000001,56.04097366333008
2375,95.0,64.54625701904297
2376,95.04,112.53897857666016
2377,95.08,72.61875915527344
2378,95.12,99.37787628173828
2379,95.16,65.71444702148438
2380,95.2,72.13471984863281
2381,95.24,67.83448028564453
2382,95.28,59.21858215332031
2383,95.32000000000001,65.02481842041016
2384,95.36,73.61736297607422
2385,95.4,67.36783599853516
2386,95.44,65.66007995605469
2387,95.48,74.73243713378906
2388,95.52,58.027835845947266
2389,95.56,67.64324951171875
2390,95.60000000000001,65.01417541503906
2391,95.64,59.59895706176758
2392,95.68,80.76943969726562
2393,95.72,65.20625305175781
2394,95.76,85.20550537109375
2395,95.8,55.8206672668457
2396,95.84,61.73169708251953
2397,95.88,82.53262329101562
2398,95.92,82.511474609375
2399,95.96000000000001,54.91365432739258
2400,96.0,63.51727294921875
2401,96.04,69.27095794677734
2402,96.08,83.16400146484375
2403,96.12,84.90743255615234
2404,96.16,49.523719787597656
2405,96.2,90.77263641357422
2406,96.24000000000001,89.9466552734375
2407,96.28,109.66059112548828
2408,96.32000000000001,94.16954803466797
2409,96.36,65.22647094726562
2410,96.4,56.13067626953125
2411,96.44,67.4797134399414
2412,96.48,67.7129898071289
2413,96.52,59.29001235961914
2414,96.56,52.4199333190918
2415,96.60000000000001,65.03801727294922
2416,96.64,66.17396545410156
2417,96.68,79.12625885009766
2418,96.72,64.02588653564453
2419,96.76,66.25218963623047
2420,96.8,68.59286499023438
2421,96.84,59.22883605957031
2422,96.88,65.15160369873047
2423,96.92,64.61074829101562
2424,96.96000000000001,63.10148620605469
2425,97.0,58.00640869140625
2426,97.04,66.73297119140625
2427,97.08,65.2548599243164
2428,97.12,70.11345672607422
2429,97.16,68.55795288085938
2430,97.2,65.18788146972656
2431,97.24000000000001,57.36866760253906
2432,97.28,63.23861312866211
2433,97.32000000000001,65.04972839355469
2434,97.36,61.049415588378906
2435,97.4,56.71505355834961
2436,97.44,57.244144439697266
2437,97.48,70.56942749023438
2438,97.52,69.2016830444336
2439,97.56,55.90636444091797
2440,97.60000000000001,64.1155776977539
2441,97.64,64.71001434326172
2442,97.68,67.1134262084961
2443,97.72,64.24410247802734
2444,97.76,71.24247741699219
2445,97.8,64.11019897460938
2446,97.84,85.00736236572266
2447,97.88,86.27264404296875
2448,97.92,97.3992919921875
2449,97.96000000000001,80.52101135253906
2450,98.0,105.1857681274414
2451,98.04,93.34705352783203
2452,98.08,102.98904418945312
2453,98.12,127.08269500732422
2454,98.16,91.26128387451172
2455,98.2,122.54061889648438
2456,98.24000000000001,78.03105163574219
2457,98.28,80.92679595947266
2458,98.32000000000001,76.65444946289062
2459,98.36,88.06949615478516
2460,98.4,90.35271453857422
2461,98.44,78.18260955810547
2462,98.48,87.00460052490234
2463,98.52,81.07078552246094
2464,98.56,78.55720520019531
2465,98.60000000000001,53.3316650390625
2466,98.64,73.1875228881836
2467,98.68,58.83606719970703
2468,98.72,68.43653106689453
2469,98.76,60.7150764465332
2470,98.8,91.07804107666016
2471,98.84,88.97010040283203
2472,98.88,76.37466430664062
2473,98.92,90.30084991455078
2474,98.96000000000001,86.17127227783203
2475,99.0,85.22190856933594
2476,99.04,88.13958740234375
2477,99.08,92.48721313476562
2478,99.12,84.31307983398438
2479,99.16,95.63011169433594
2480,99.2,56.71269607543945
2481,99.24000000000001,53.253509521484375
2482,99.28,45.1143684387207
2483,99.32000000000001,63.51767349243164
2484,99.36,65.14774322509766
2485,99.4,38.18428039550781
2486,99.44,48.63530349731445
2487,99.48,62.408363342285156
2488,99.52,70.50955963134766
2489,99.56,35.28855895996094
2490,99.60000000000001,65.43656921386719
2491,99.64,44.41614532470703
2492,99.68,67.16218566894531
2493,99.72,69.87653350830078
2494,99.76,70.39739227294922
2495,99.8,59.040958404541016
2496,99.84,66.2140121459961
2497,99.88,66.5984878540039
2498,99.92,50.71739959716797
2499,99.96000000000001,59.35337829589844
2500,100.0,78.32726287841797
2501,100.04,58.377342224121094
2502,100.08,59.15647506713867
2503,100.12,65.8101577758789
2504,100.16,57.24806594848633
2505,100.2,56.819522857666016
2506,100.24000000000001,60.15910720825195
2507,100.28,55.56920623779297
2508,100.32000000000001,83.31661987304688
2509,100.36,59.98141860961914
2510,100.4,68.53002166748047
2511,100.44,70.92782592773438
2512,100.48,55.41257858276367
2513,100.52,56.369258880615234
2514,100.56,65.63697814941406
2515,100.60000000000001,123.23272705078125
2516,100.64,60.05721664428711
2517,100.68,60.49354934692383
2518,100.72,64.03514099121094
2519,100.76,56.69032669067383
2520,100.8,60.207664489746094
2521,100.84,71.61029815673828
2522,100.88,72.6556396484375
2523,100.92,65.55474853515625
2524,100.96000000000001,70.77581787109375
2525,101.0,69.15412139892578
2526,101.04,38.052330017089844
2527,101.08,58.6396484375
2528,101.12,37.87460708618164
2529,101.16,61.86649703979492
2530,101.2,42.06130599975586
2531,101.24000000000001,89.06092834472656
2532,101.28,54.32975769042969
2533,101.32000000000001,48.42942810058594
2534,101.36,52.23268127441406
2535,101.4,47.644283294677734
2536,101.44,64.4208755493164
2537,101.48,65.9754867553711
2538,101.52,39.60163116455078
2539,101.56,52.54774856567383
2540,101.60000000000001,47.15135955810547
2541,101.64,53.2790412902832
2542,101.68,47.96588897705078
2543,101.72,51.507957458496094
2544,101.76,42.279991149902344
2545,101.8,77.84278106689453
2546,101.84,61.451107025146484
2547,101.88,73.365966796875
2548,101.92,78.34014129638672
2549,101.96000000000001,68.92780303955078
2550,102.0,62.26935577392578
2551,102.04,72.83806610107422
2552,102.08,57.05538558959961
2553,102.12,67.33644104003906
2554,102.16,75.77674102783203
2555,102.2,72.21212768554688
2556,102.24000000000001,76.35762786865234
2557,102.28,77.48941040039062
2558,102.32000000000001,76.7749252319336
2559,102.36,36.48344421386719
2560,102.4,73.43843841552734
2561,102.44,71.36492156982422
2562,102.48,77.04159545898438
2563,102.52,82.58013916015625
2564,102.56,51.48086929321289
2565,102.60000000000001,36.060997009277344
2566,102.64,84.93894958496094
2567,102.68,71.12860870361328
2568,102.72,70.03398895263672
2569,102.76,80.441162109375
2570,102.8,49.38971710205078
2571,102.84,76.46533203125
2572,102.88,72.08316040039062
2573,102.92,42.374759674072266
2574,102.96000000000001,78.63877868652344
2575,103.0,74.2397689819336
2576,103.04,64.28032684326172
2577,103.08,49.453433990478516
2578,103.12,66.10201263427734
2579,103.16,92.72169494628906
2580,103.2,62.228511810302734
2581,103.24000000000001,71.13713836669922
2582,103.28,52.95767593383789
2583,103.32000000000001,69.00421142578125
2584,103.36,86.11165618896484
2585,103.4,65.75755310058594
2586,103.44,93.78157806396484
2587,103.48,56.45249938964844
2588,103.52,63.37660598754883
2589,103.56,68.89155578613281
2590,103.60000000000001,96.30815887451172
2591,103.64,73.4134750366211
2592,103.68,61.08623123168945
2593,103.72,81.46224212646484
2594,103.76,83.51428985595703
2595,103.8,92.020263671875
2596,103.84,87.08273315429688
2597,103.88,61.90658950805664
2598,103.92,74.57835388183594
2599,103.96000000000001,57.891075134277344
2600,104.0,81.21377563476562
2601,104.04,50.31101608276367
2602,104.08,110.97659301757812
2603,104.12,94.4592056274414
2604,104.16,80.23945617675781
2605,104.2,56.99817657470703
2606,104.24000000000001,61.60852813720703
2607,104.28,56.96501541137695
2608,104.32000000000001,95.68167114257812
2609,104.36,60.243167877197266
2610,104.4,102.3863525390625
2611,104.44,80.69169616699219
2612,104.48,87.78321838378906
2613,104.52,108.00376892089844
2614,104.56,89.4443359375
2615,104.60000000000001,96.0398178100586
2616,104.64,61.08774185180664
2617,104.68,71.25637817382812
2618,104.72,76.1608657836914
2619,104.76,79.86898040771484
2620,104.8,77.8377456665039
2621,104.84,85.90222930908203
2622,104.88,87.36274719238281
2623,104.92,102.30228424072266
2624,104.96000000000001,73.07051086425781
2625,105.0,73.25770568847656
2626,105.04,74.5414810180664
2627,105.08,79.47949981689453
2628,105.12,85.81377410888672
2629,105.16,91.94125366210938
2630,105.2,77.65795135498047
2631,105.24000000000001,99.36688995361328
2632,105.28,88.26332092285156
2633,105.32000000000001,77.57522583007812
2634,105.36,82.26631927490234
2635,105.4,62.72413635253906
2636,105.44,122.45381164550781
2637,105.48,80.57518005371094
2638,105.52,53.63534927368164
2639,105.56,94.11552429199219
2640,105.60000000000001,68.13206481933594
2641,105.64,51.90557098388672
2642,105.68,103.11427307128906
2643,105.72,51.93699645996094
2644,105.76,76.56021881103516
2645,105.8,57.68047332763672
2646,105.84,61.4943962097168
2647,105.88,60.38808822631836
2648,105.92,105.5080337524414
2649,105.96000000000001,89.36161041259766
2650,106.0,67.26996612548828
2651,106.04,76.45835876464844
2652,106.08,61.777610778808594
2653,106.12,94.0657730102539
2654,106.16,94.22723388671875
2655,106.2,84.1199951171875
2656,106.24000000000001,84.57841491699219
2657,106.28,62.561676025390625
2658,106.32000000000001,95.4450912475586
2659,106.36,88.62882995605469
2660,106.4,78.38545227050781
2661,106.44,110.73616790771484
2662,106.48,66.99250030517578
2663,106.52,94.11865997314453
2664,106.56,75.93647003173828
2665,106.60000000000001,67.4385757446289
2666,106.64,85.72517395019531
2667,106.68,79.61925506591797
2668,106.72,85.91715240478516
2669,106.76,118.38915252685547
2670,106.8,90.04268646240234
2671,106.84,55.957942962646484
2672,106.88,91.01966094970703
2673,106.92,79.34532165527344
2674,106.96000000000001,93.19509887695312
2675,107.0,85.51299285888672
2676,107.04,88.36844635009766
2677,107.08,107.22834777832031
2678,107.12,34.58275604248047
2679,107.16,82.8223876953125
2680,107.2,103.88573455810547
2681,107.24000000000001,81.54005432128906
2682,107.28,102.66732788085938
2683,107.32000000000001,81.48635864257812
2684,107.36,62.71310043334961
2685,107.4,101.70222473144531
2686,107.44,114.79634857177734
2687,107.48,80.20965576171875
2688,107.52,51.698543548583984
2689,107.56,94.25961303710938
2690,107.60000000000001,54.78192901611328
2691,107.64,94.47431182861328
2692,107.68,44.95016860961914
2693,107.72,113.65730285644531
2694,107.76,112.82476806640625
2695,107.8,77.1171646118164
2696,107.84,108.50586700439453
2697,107.88,96.31098937988281
2698,107.92,67.93018341064453
2699,107.96000000000001,69.04188537597656
2700,108.0,111.1627426147461
2701,108.04,75.02567291259766
2702,108.08,62.82727813720703
2703,108.12,109.08499908447266
2704,108.16,79.08843994140625
2705,108.2,96.8509521484375
2706,108.24000000000001,57.70071029663086
2707,108.28,48.347412109375
2708,108.32000000000001,59.29423522949219
2709,108.36,67.32173919677734
2710,108.4,87.27275085449219
2711,108.44,84.84002685546875
2712,108.48,81.31802368164062
2713,108.52,93.18037414550781
2714,108.56,98.0506820678711
2715,108.60000000000001,59.135475158691406
2716,108.64,69.22583770751953
2717,108.68,67.30939483642578
2718,108.72,75.39458465576172
2719,108.76,64.98548889160156
2720,108.8,71.97016906738281
2721,108.84,62.57072448730469
2722,108.88,75.76698303222656
2723,108.92,68.31097412109375
2724,108.96000000000001,71.22128295898438
2725,109.0,88.53339385986328
2726,109.04,27.933645248413086
2727,109.08,81.16791534423828
2728,109.12,75.4178466796875
2729,109.16,85.95846557617188
2730,109.2,80.06806945800781
2731,109.24000000000001,78.72830963134766
2732,109.28,83.68643951416016
2733,109.32000000000001,89.8469009399414
2734,109.36,84.87068939208984
2735,109.4,50.645751953125
2736,109.44,78.62316131591797
2737,109.48,72.55615234375
2738,109.52,88.34284210205078
2739,109.56,64.88787078857422
2740,109.60000000000001,81.28022003173828
2741,109.64,99.78565979003906
2742,109.68,67.7187271118164
2743,109.72,87.82933807373047
2744,109.76,91.64774322509766
2745,109.8,58.39467239379883
2746,109.84,70.51936340332031
2747,109.88,55.26131820678711
2748,109.92,62.04268264770508
2749,109.96000000000001,55.34368896484375
2750,110.0,76.37648010253906
2751,110.04,83.58065795898438
2752,110.08,76.2569808959961
2753,110.12,89.11710357666016
2754,110.16,64.66258239746094
2755,110.2,102.67853546142578
2756,110.24000000000001,52.31696701049805
2757,110.28,66.82855987548828
2758,110.32000000000001,98.40165710449219
2759,110.36,82.181884765625
2760,110.4,57.486114501953125
2761,110.44,61.1002311706543
2762,110.48,75.6316146850586
2763,110.52,88.24958038330078
2764,110.56,57.317928314208984
2765,110.60000000000001,99.52801513671875
2766,110.64,58.047096252441406
2767,110.68,59.4445686340332
2768,110.72,56.73012924194336
2769,110.76,87.3951416015625
2770,110.8,69.37671661376953
2771,110.84,72.88578033447266
2772,110.88,75.56565856933594
2773,110.92,74.9631118774414
2774,110.96000000000001,71.07743835449219
2775,111.0,43.207130432128906
2776,111.04,82.7599868774414
2777,111.08,97.66650390625
2778,111.12,94.02845764160156
2779,111.16,86.75592041015625
2780,111.2,85.64997863769531
2781,111.24000000000001,99.70828247070312
2782,111.28,87.69452667236328
2783,111.32000000000001,86.26220703125
2784,111.36,94.21034240722656
2785,111.4,83.13497161865234
2786,111.44,115.69783782958984
2787,111.48,84.49356842041016
2788,111.52,51.74652862548828
2789,111.56,51.993446350097656
2790,111.60000000000001,57.96232604980469
2791,111.64,86.59423828125
2792,111.68,61.157318115234375
2793,111.72,83.47357940673828
2794,111.76,78.94703674316406
2795,111.8,47.27422332763672
2796,111.84,80.24579620361328
2797,111.88,75.58159637451172
2798,111.92,51.71591567993164
2799,111.96000000000001,58.065860748291016
2800,112.0,50.1216926574707
2801,112.04,80.65193939208984
2802,112.08,56.03867721557617
2803,112.12,93.02110290527344
2804,112.16,56.62564468383789
2805,112.2,104.50635528564453
2806,112.24000000000001,75.60882568359375
2807,112.28,81.41587829589844
2808,112.32000000000001,56.071876525878906
2809,112.36,75.49335479736328
2810,112.4,21.52406120300293
2811,112.44,71.63420104980469
2812,112.48,73.1483154296875
2813,112.52,79.25567626953125
2814,112.56,73.19337463378906
2815,112.60000000000001,59.73583984375
2816,112.64,48.853416442871094
2817,112.68,87.66327667236328
2818,112.72,86.56172180175781
2819,112.76,88.666748046875
2820,112.8,87.06537628173828
2821,112.84,90.05146026611328
2822,112.88,84.56620788574219
2823,112.92,73.69627380371094
2824,112.96000000000001,89.22789001464844
2825,113.0,78.46809387207031
2826,113.04,86.14688873291016
2827,113.08,51.59029006958008
2828,113.12,46.89878463745117
2829,113.16,80.92572784423828
2830,113.2,87.01798248291016
2831,113.24000000000001,50.36533737182617
2832,113.28,83.1236801147461
2833,113.32000000000001,90.3827133178711
2834,113.36,37.36000061035156
2835,113.4,59.10005187988281
2836,113.44,58.62184524536133
2837,113.48,82.22467803955078
2838,113.52,95.7487564086914
2839,113.56,59.800209045410156
2840,113.60000000000001,59.674930572509766
2841,113.64,76.086181640625
2842,113.68,76.9249038696289
2843,113.72,80.39854431152344
2844,113.76,84.21170043945312
2845,113.8,54.43454360961914
2846,113.84,74.69176483154297
2847,113.88,83.39739990234375
2848,113.92,80.79769897460938
2849,113.96000000000001,71.48412322998047
2850,114.0,57.97917938232422
2851,114.04,73.43218994140625
2852,114.08,93.93490600585938
2853,114.12,81.98956298828125
2854,114.16,84.37665557861328
2855,114.2,67.60359191894531
2856,114.24000000000001,82.69760131835938
2857,114.28,93.0171127319336
2858,114.32000000000001,56.74000549316406
2859,114.36,59.97056579589844
2860,114.4,71.09566497802734
2861,114.44,64.13137817382812
2862,114.48,60.637977600097656
2863,114.52,50.2686653137207
2864,114.56,69.4988784790039
2865,114.60000000000001,82.4266128540039
2866,114.64,77.81678009033203
2867,114.68,87.01727294921875
2868,114.72,44.312591552734375
2869,114.76,81.35553741455078
2870,114.8,77.33784484863281
2871,114.84,80.46641540527344
2872,114.88,136.1453399658203
2873,114.92,75.13848876953125
2874,114.96000000000001,118.72127532958984
2875,115.0,61.71736145019531
2876,115.04,84.80166625976562
2877,115.08,91.73371887207031
2878,115.12,65.8428726196289
2879,115.16,80.80653381347656
2880,115.2,81.56226348876953
2881,115.24000000000001,76.96485137939453
2882,115.28,78.77229309082031
2883,115.32000000000001,86.37167358398438
2884,115.36,77.84832000732422
2885,115.4,91.31781005859375
2886,115.44,76.29544830322266
2887,115.48,78.43370819091797
2888,115.52,83.44805145263672
2889,115.56,83.12617492675781
2890,115.60000000000001,73.76786804199219
2891,115.64,74.8761215209961
2892,115.68,81.51290893554688
2893,115.72,70.85075378417969
2894,115.76,74.8507308959961
2895,115.8,73.5218734741211
2896,115.84,85.74237823486328
2897,115.88,74.36223602294922
2898,115.92,72.02145385742188
2899,115.96000000000001,84.56816864013672
2900,116.0,104.37836456298828
2901,116.04,55.34499740600586
2902,116.08,53.08371353149414
2903,116.12,88.54932403564453
2904,116.16,70.18412780761719
2905,116.2,52.73534393310547
2906,116.24000000000001,95.24639892578125
2907,116.28,57.51365280151367
2908,116.32000000000001,114.57971954345703
2909,116.36,81.86556243896484
2910,116.4,58.24536895751953
2911,116.44,60.10399627685547
2912,116.48,71.01753997802734
2913,116.52,85.1649169921875
2914,116.56,84.67549896240234
2915,116.60000000000001,69.87322998046875
2916,116.64,75.48736572265625
2917,116.68,59.53849792480469
2918,116.72,74.17758178710938
2919,116.76,70.0453109741211
2920,116.8,63.17816162109375
2921,116.84,88.11296081542969
2922,116.88,93.93021392822266
2923,116.92,106.93792724609375
2924,116.96000000000001,109.7435531616211
2925,117.0,83.06424713134766
2926,117.04,97.10428619384766
2927,117.08,88.4641342163086
2928,117.12,49.516136169433594
2929,117.16,68.32804870605469
2930,117.2,76.53330993652344
2931,117.24000000000001,83.52110290527344
2932,117.28,96.92652893066406
2933,117.32000000000001,84.55200958251953
2934,117.36,79.23885345458984
2935,117.4,76.36408233642578
2936,117.44,83.26213073730469
2937,117.48,98.13250732421875
2938,117.52,72.720703125
2939,117.56,71.74036407470703
2940,117.60000000000001,71.29625701904297
2941,117.64,98.53063201904297
2942,117.68,81.9280776977539
2943,117.72,69.7203369140625
2944,117.76,79.04295349121094
2945,117.8,79.95543670654297
2946,117.84,82.46051788330078
2947,117.88,74.40696716308594
2948,117.92,71.63872528076172
2949,117.96000000000001,87.3868179321289
2950,118.0,72.99212646484375
2951,118.04,59.415348052978516
2952,118.08,65.61518096923828
2953,118.12,84.321044921875
2954,118.16,71.95973205566406
2955,118.2,92.56088256835938
2956,118.24000000000001,63.98907470703125
2957,118.28,86.97488403320312
2958,118.32000000000001,80.2596664428711
2959,118.36,80.50680541992188
2960,118.4,69.45487213134766
2961,118.44,95.10578155517578
2962,118.48,82.19585418701172
2963,118.52,86.16474151611328
2964,118.56,65.18203735351562
2965,118.60000000000001,78.0753173828125
2966,118.64,77.73703002929688
2967,118.68,72.24138641357422
2968,118.72,85.6038589477539
2969,118.76,85.22704315185547
2970,118.8,71.28529357910156
2971,118.84,64.0629653930664
2972,118.88,86.6517333984375
2973,118.92,72.74200439453125
2974,118.96000000000001,76.25363159179688
2975,119.0,88.7727279663086
2976,119.04,80.27188110351562
2977,119.08,79.81244659423828
2978,119.12,83.8853530883789
2979,119.16,91.58939361572266
2980,119.2,78.00570678710938
2981,119.24000000000001,90.66670989990234
2982,119.28,85.92990112304688
2983,119.32000000000001,79.22463989257812
2984,119.36,85.515380859375
2985,119.4,82.61426544189453
2986,119.44,88.19893646240234
2987,119.48,40.581787109375
2988,119.52,75.02733612060547
2989,119.56,89.60696411132812
2990,119.60000000000001,81.43821716308594
2991,119.64,91.8343505859375
2992,119.68,96.48893737792969
2993,119.72,89.22547912597656
2994,119.76,81.61402130126953
2995,119.8,89.91594696044922
2996,119.84,95.9906997680664
2997,119.88,88.89837646484375
2998,119.92,82.64234924316406
2999,119.96000000000001,36.7786865234375
3000,120.0,99.75370025634766
3001,120.04,89.72608947753906
3002,120.08,83.24221801757812
3003,120.12,41.64541244506836
3004,120.16,92.0323715209961
3005,120.2,90.79668426513672
3006,120.24000000000001,85.72946166992188
3007,120.28,34.30717086791992
3008,120.32000000000001,99.9355239868164
3009,120.36,88.4751968383789
3010,120.4,47.27949523925781
3011,120.44,93.94620513916016
3012,120.48,46.30165100097656
3013,120.52,88.29181671142578
3014,120.56,38.38681411743164
3015,120.60000000000001,82.12051391601562
3016,120.64,88.81636047363281
3017,120.68,53.3415412902832
3018,120.72,43.452938079833984
3019,120.76,79.06098937988281
3020,120.8,92.34619140625
3021,120.84,95.77666473388672
3022,120.88,95.19700622558594
3023,120.92,91.83743286132812
3024,120.96000000000001,82.15110778808594
3025,121.0,82.7780532836914
3026,121.04,88.78648376464844
3027,121.08,89.92747497558594
3028,121.12,83.28691101074219
3029,121.16,76.91151428222656
3030,121.2,80.38560485839844
3031,121.24000000000001,88.142333984375
3032,121.28,82.08340454101562
3033,121.32000000000001,81.66789245605469
3034,121.36,40.053714752197266
3035,121.4,62.0225944519043
3036,121.44,75.48509979248047
3037,121.48,86.85696411132812
3038,121.52,74.83672332763672
3039,121.56,90.17143249511719
3040,121.60000000000001,52.784027099609375
3041,121.64,61.99336242675781
3042,121.68,62.38713073730469
3043,121.72,45.07723617553711
3044,121.76,67.31124114990234
3045,121.8,99.1463851928711
3046,121.84,52.96390151977539
3047,121.88,87.25092315673828
3048,121.92,81.4877700805664
3049,121.96000000000001,55.365577697753906
3050,122.0,88.4637222290039
3051,122.04,80.78233337402344
3052,122.08,65.93814086914062
3053,122.12,51.99760055541992
3054,122.16,62.86930465698242
3055,122.2,88.24994659423828
3056,122.24000000000001,62.665260314941406
3057,122.28,49.79233932495117
3058,122.32000000000001,52.871177673339844
3059,122.36,91.37362670898438
3060,122.4,74.15292358398438
3061,122.44,78.15209197998047
3062,122.48,72.24124145507812
3063,122.52,77.62504577636719
3064,122.56,94.83601379394531
3065,122.60000000000001,88.6881332397461
3066,122.64,89.99594116210938
3067,122.68,75.98237609863281
3068,122.72,96.10459899902344
3069,122.76,87.71511840820312
3070,122.8,81.2437744140625
3071,122.84,91.41268920898438
3072,122.88,82.33982849121094
3073,122.92,93.5261459350586
3074,122.96000000000001,82.48008728027344
3075,123.0,84.12793731689453
3076,123.04,65.98356628417969
3077,123.08,80.33668518066406
3078,123.12,79.88573455810547
3079,123.16,80.57994079589844
3080,123.2,75.82484436035156
3081,123.24000000000001,84.24830627441406
3082,123.28,84.42955780029297
3083,123.32000000000001,95.29827880859375
3084,123.36,92.67142486572266
3085,123.4,77.99029541015625
3086,123.44,84.79721069335938
3087,123.48,80.1729507446289
3088,123.52,80.87098693847656
3089,123.56,80.02714538574219
3090,123.60000000000001,86.56935119628906
3091,123.64,85.45516967773438
3092,123.68,85.39387512207031
3093,123.72,87.7709732055664
3094,123.76,91.56950378417969
3095,123.8,92.3824234008789
3096,123.84,95.18946838378906
3097,123.88000000000001,89.07294464111328
3098,123.92,91.68223571777344
3099,123.96000000000001,79.59355926513672
3100,124.0,98.04983520507812
3101,124.04,104.5594482421875
3102,124.08,105.56903839111328
3103,124.12,93.91291809082031
3104,124.16,100.99993133544922
3105,124.2,64.0229721069336
3106,124.24000000000001,67.30999755859375
3107,124.28,85.51770782470703
3108,124.32000000000001,56.80705642700195
3109,124.36,63.6209831237793
3110,124.4,69.0245361328125
3111,124.44,74.27607727050781
3112,124.48,80.05046844482422
3113,124.52,78.147705078125
3114,124.56,76.38409423828125
3115,124.60000000000001,86.81956481933594
3116,124.64,78.88322448730469
3117,124.68,87.06866455078125
3118,124.72,78.9112319946289
3119,124.76,91.7401351928711
3120,124.8,77.95167541503906
3121,124.84,98.0295639038086
3122,124.88000000000001,61.037601470947266
3123,124.92,73.6396713256836
3124,124.96000000000001,64.42435455322266
3125,125.0,64.99017333984375
3126,125.04,65.10426330566406
3127,125.08,76.54353332519531
3128,125.12,91.6125259399414
3129,125.16,47.19087219238281
3130,125.2,61.29701614379883
3131,125.24000000000001,65.27767181396484
3132,125.28,60.825618743896484
3133,125.32000000000001,83.512451171875
3134,125.36,63.064231872558594
3135,125.4,75.78336334228516
3136,125.44,95.33793640136719
3137,125.48,75.60799407958984
3138,125.52,85.68881225585938
3139,125.56,84.63666534423828
3140,125.60000000000001,92.10243225097656
3141,125.64,42.88890838623047
3142,125.68,86.92095184326172
3143,125.72,49.98049545288086
3144,125.76,36.98592758178711
3145,125.8,81.05233001708984
3146,125.84,82.12892150878906
3147,125.88000000000001,44.13798141479492
3148,125.92,28.72629165649414
3149,125.96000000000001,82.87181091308594
3150,126.0,84.2939453125
3151,126.04,98.92315673828125
3152,126.08,45.701045989990234
3153,126.12,81.68217468261719
3154,126.16,65.97822570800781
3155,126.2,77.66783142089844
3156,126.24000000000001,68.31415557861328
3157,126.28,52.843570709228516
3158,126.32000000000001,85.18883514404297
3159,126.36,35.01606750488281
3160,126.4,90.73421478271484
3161,126.44,81.72859191894531
3162,126.48,89.06085968017578
3163,126.52,45.500545501708984
3164,126.56,85.10003662109375
3165,126.60000000000001,85.47724914550781
3166,126.64,75.76113891601562
3167,126.68,82.35016632080078
3168,126.72,85.94978332519531
3169,126.76,74.68416595458984
3170,126.8,82.90469360351562
3171,126.84,37.161869049072266
3172,126.88000000000001,75.96994018554688
3173,126.92,78.90725708007812
3174,126.96000000000001,82.79291534423828
3175,127.0,87.64306640625
3176,127.04,62.71448516845703
3177,127.08,43.941959381103516
3178,127.12,93.74446868896484
3179,127.16,83.05982208251953
3180,127.2,99.90200805664062
3181,127.24000000000001,37.18877029418945
3182,127.28,81.79609680175781
3183,127.32000000000001,82.60826873779297
3184,127.36,48.34695816040039
3185,127.4,76.19015502929688
3186,127.44,42.89300537109375
3187,127.48,88.41279602050781
3188,127.52,54.09017562866211
3189,127.56,82.5108413696289
3190,127.60000000000001,71.15568542480469
3191,127.64,35.94171142578125
3192,127.68,81.44928741455078
3193,127.72,83.2976303100586
3194,127.76,71.2242202758789
3195,127.8,87.59525299072266
3196,127.84,72.37122344970703
3197,127.88000000000001,78.56338500976562
3198,127.92,86.01760864257812
3199,127.96000000000001,42.121395111083984
3200,128.0,80.4422378540039
3201,128.04,83.48621368408203
3202,128.08,75.79656219482422
3203,128.12,84.64886474609375
3204,128.16,31.063302993774414
3205,128.2,58.983482360839844
3206,128.24,79.49879455566406
3207,128.28,82.30529022216797
3208,128.32,77.35574340820312
3209,128.36,84.03580474853516
3210,128.4,39.800743103027344
3211,128.44,44.403587341308594
3212,128.48,74.2640380859375
3213,128.52,79.64115905761719
3214,128.56,81.64479064941406
3215,128.6,84.96308898925781
3216,128.64000000000001,87.92347717285156
3217,128.68,87.38630676269531
3218,128.72,87.8178939819336
3219,128.76,72.0977554321289
3220,128.8,74.65775299072266
3221,128.84,80.6020278930664
3222,128.88,83.32157135009766
3223,128.92000000000002,79.428955078125
3224,128.96,46.19635009765625
3225,129.0,84.32168579101562
3226,129.04,42.709190368652344
3227,129.08,57.01953125
3228,129.12,87.77596282958984
3229,129.16,87.2078628540039
3230,129.2,46.96422576904297
3231,129.24,41.27082443237305
3232,129.28,76.98278045654297
3233,129.32,35.165225982666016
3234,129.36,93.76239013671875
3235,129.4,79.4868392944336
3236,129.44,74.71658325195312
3237,129.48,81.62305450439453
3238,129.52,86.0112075805664
3239,129.56,80.25470733642578
3240,129.6,86.75390625
3241,129.64000000000001,81.74479675292969
3242,129.68,85.68927764892578
3243,129.72,69.72261810302734
3244,129.76,84.08360290527344
3245,129.8,79.88394927978516
3246,129.84,78.8979721069336
3247,129.88,82.5694808959961
3248,129.92000000000002,84.29779052734375
3249,129.96,88.76155090332031
3250,130.0,77.2302017211914
3251,130.04,88.33080291748047
3252,130.08,91.99331665039062
3253,130.12,89.43058013916016
3254,130.16,83.81340789794922
3255,130.2,53.543487548828125
3256,130.24,93.19001770019531
3257,130.28,98.60095977783203
3258,130.32,54.985076904296875
3259,130.36,33.551177978515625
3260,130.4,88.94842529296875
3261,130.44,81.65914154052734
3262,130.48,82.62071990966797
3263,130.52,85.06743621826172
3264,130.56,73.19988250732422
3265,130.6,76.01515197753906
3266,130.64000000000001,85.32324981689453
3267,130.68,73.73251342773438
3268,130.72,78.27210235595703
3269,130.76,81.6427230834961
3270,130.8,81.26321411132812
3271,130.84,84.16950988769531
3272,130.88,48.791595458984375
3273,130.92000000000002,42.311561584472656
3274,130.96,77.76985931396484
3275,131.0,79.25960540771484
3276,131.04,86.16226196289062
3277,131.08,74.5478286743164
3278,131.12,39.055233001708984
3279,131.16,40.82841491699219
3280,131.2,79.05021667480469
3281,131.24,84.95632934570312
3282,131.28,77.1449203491211
3283,131.32,82.55036163330078
3284,131.36,85.99447631835938
3285,131.4,89.70829010009766
3286,131.44,79.94384765625
3287,131.48,89.89720153808594
3288,131.52,75.67414093017578
3289,131.56,89.58892059326172
3290,131.6,34.76140213012695
3291,131.64000000000001,82.45401763916016
3292,131.68,45.52922439575195
3293,131.72,88.1478042602539
3294,131.76,84.94161987304688
3295,131.8,93.85042572021484
3296,131.84,81.72379302978516
3297,131.88,84.1266098022461
3298,131.92000000000002,97.7876205444336
3299,131.96,78.54679107666016
3300,132.0,79.62415313720703
3301,132.04,65.12313842773438
3302,132.08,59.94829559326172
3303,132.12,60.63218688964844
3304,132.16,54.71015548706055
3305,132.2,82.58899688720703
3306,132.24,76.74004364013672
3307,132.28,79.39325714111328
3308,132.32,61.08422088623047
3309,132.36,66.14566802978516
3310,132.4,45.640106201171875
3311,132.44,48.212547302246094
3312,132.48,80.26702117919922
3313,132.52,89.40666961669922
3314,132.56,79.55233001708984
3315,132.6,53.059879302978516
3316,132.64000000000001,52.865379333496094
3317,132.68,79.11617279052734
3318,132.72,80.77608489990234
3319,132.76,65.74171447753906
3320,132.8,41.69785690307617
3321,132.84,91.52603912353516
3322,132.88,39.418704986572266
3323,132.92000000000002,79.29825592041016
3324,132.96,80.94844818115234
3325,133.0,84.46932983398438
3326,133.04,90.99502563476562
3327,133.08,80.95783233642578
3328,133.12,87.28941345214844
3329,133.16,83.9952163696289
3330,133.2,75.72957611083984
3331,133.24,88.70095825195312
3332,133.28,84.2729263305664
3333,133.32,82.36302185058594
3334,133.36,69.53001403808594
3335,133.4,72.40420532226562
3336,133.44,34.919673919677734
3337,133.48,77.30835723876953
3338,133.52,76.88893127441406
3339,133.56,82.69115447998047
3340,133.6,78.63491821289062
3341,133.64000000000001,77.422607421875
3342,133.68,64.10887908935547
3343,133.72,68.68616485595703
3344,133.76,73.79141235351562
3345,133.8,84.75760650634766
3346,133.84,46.99981689453125
3347,133.88,90.81687927246094
3348,133.92000000000002,53.339962005615234
3349,133.96,82.56808471679688
3350,134.0,90.5888442993164
3351,134.04,87.9369888305664
3352,134.08,40.498802185058594
3353,134.12,98.23675537109375
3354,134.16,40.47489547729492
3355,134.2,78.8381118774414
3356,134.24,87.1577377319336
3357,134.28,54.25448226928711
3358,134.32,83.96833801269531
3359,134.36,85.04527282714844
3360,134.4,88.53812408447266
3361,134.44,82.08453369140625
3362,134.48,85.8880844116211
3363,134.52,85.53129577636719
3364,134.56,91.28221130371094
3365,134.6,77.84700775146484
3366,134.64000000000001,80.91350555419922
3367,134.68,80.23572540283203
3368,134.72,81.42443084716797
3369,134.76,74.75906372070312
3370,134.8,78.64462280273438
3371,134.84,86.58505249023438
3372,134.88,79.05231475830078
3373,134.92000000000002,80.2557144165039
3374,134.96,88.76097869873047
3375,135.0,79.36310577392578
3376,135.04,73.33489227294922
3377,135.08,77.24382019042969
3378,135.12,82.17261505126953
3379,135.16,73.07913208007812
3380,135.2,68.76042175292969
3381,135.24,81.0713119506836
3382,135.28,80.59736633300781
3383,135.32,73.54798126220703
3384,135.36,89.08138275146484
3385,135.4,79.34800720214844
3386,135.44,79.90968322753906
3387,135.48,79.46321105957031
3388,135.52,77.20589447021484
3389,135.56,75.58938598632812
3390,135.6,75.0787124633789
3391,135.64000000000001,86.66996002197266
3392,135.68,72.20942687988281
3393,135.72,89.41173553466797
3394,135.76,76.62549591064453
3395,135.8,89.31327056884766
3396,135.84,80.64775848388672
3397,135.88,89.84630584716797
3398,135.92000000000002,81.06732940673828
3399,135.96,93.2973403930664
3400,136.0,72.53133392333984
3401,136.04,79.8419418334961
3402,136.08,90.70103454589844
3403,136.12,81.49435424804688
3404,136.16,83.46892547607422
3405,136.2,84.75603485107422
3406,136.24,79.33309173583984
3407,136.28,88.1173324584961
3408,136.32,72.69998931884766
3409,136.36,87.97591400146484
3410,136.4,75.87444305419922
3411,136.44,58.22173309326172
3412,136.48,66.21492004394531
3413,136.52,83.87748718261719
3414,136.56,78.01553344726562
3415,136.6,92.009033203125
3416,136.64000000000001,78.78482818603516
3417,136.68,92.91651916503906
3418,136.72,90.0351333618164
3419,136.76,83.98391723632812
3420,136.8,79.78518676757812
3421,136.84,70.01664733886719
3422,136.88,87.30923461914062
3423,136.92000000000002,71.03984069824219
3424,136.96,61.79714584350586
3425,137.0,108.97157287597656
3426,137.04,71.1409912109375
3427,137.08,40.7673225402832
3428,137.12,67.86412048339844
3429,137.16,43.5089225769043
3430,137.20000000000002,66.12733459472656
3431,137.24,67.73501586914062
3432,137.28,72.565673828125
3433,137.32,43.66716766357422
3434,137.36,73.99442291259766
3435,137.4,52.0313835144043
3436,137.44,63.93636703491211
3437,137.48,78.20361328125
3438,137.52,53.507572174072266
3439,137.56,57.12638473510742
3440,137.6,43.421348571777344
3441,137.64000000000001,65.1305923461914
3442,137.68,65.25325012207031
3443,137.72,82.62776184082031
3444,137.76,25.285179138183594
3445,137.8,63.9749641418457
3446,137.84,40.8538818359375
3447,137.88,51.7044563293457
3448,137.92000000000002,102.7389907836914
3449,137.96,47.00994110107422
3450,138.0,83.12857818603516
3451,138.04,88.22351837158203
3452,138.08,25.382783889770508
3453,138.12,81.77159118652344
3454,138.16,83.29000854492188
3455,138.20000000000002,87.68365478515625
3456,138.24,90.4970703125
3457,138.28,44.923851013183594
3458,138.32,49.19931411743164
3459,138.36,31.3046817779541
3460,138.4,86.2715835571289
3461,138.44,67.6144790649414
3462,138.48,82.59632873535156
3463,138.52,44.576751708984375
3464,138.56,52.15509796142578
3465,138.6,61.65887451171875
3466,138.64000000000001,93.44246673583984
3467,138.68,36.833675384521484
3468,138.72,76.01141357421875
3469,138.76,68.83485412597656
3470,138.8,66.52590942382812
3471,138.84,85.39813995361328
3472,138.88,89.9250717163086
3473,138.92000000000002,47.185115814208984
3474,138.96,88.49757385253906
3475,139.0,97.39513397216797
3476,139.04,53.185943603515625
3477,139.08,95.22770690917969
3478,139.12,47.49887466430664
3479,139.16,40.95414733886719
3480,139.20000000000002,50.78525161743164
3481,139.24,74.37635803222656
3482,139.28,86.84471130371094
3483,139.32,46.823116302490234
3484,139.36,47.18585205078125
3485,139.4,44.852840423583984
3486,139.44,44.41109848022461
3487,139.48,40.21525192260742
3488,139.52,102.3034896850586
3489,139.56,90.2933578491211
3490,139.6,48.54262924194336
3491,139.64000000000001,29.64685821533203
3492,139.68,42.57894515991211
3493,139.72,83.88883209228516
3494,139.76,50.81157302856445
3495,139.8,82.24810028076172
3496,139.84,43.874114990234375
3497,139.88,45.56084060668945
3498,139.92000000000002,53.70732879638672
3499,139.96,85.54533386230469
3500,140.0,36.0634880065918
3501,140.04,36.99790573120117
3502,140.08,39.58820724487305
3503,140.12,42.99885559082031
3504,140.16,46.081398010253906
3505,140.20000000000002,36.82164001464844
3506,140.24,45.815250396728516
3507,140.28,49.45492172241211
3508,140.32,55.6290168762207
3509,140.36,35.43967056274414
3510,140.4,92.25473022460938
3511,140.44,46.95597839355469
3512,140.48,48.93653869628906
3513,140.52,64.7008056640625
3514,140.56,59.840232849121094
3515,140.6,60.65713119506836
3516,140.64000000000001,50.750877380371094
3517,140.68,53.752803802490234
3518,140.72,45.72940444946289
3519,140.76,64.1590805053711
3520,140.8,70.66452026367188
3521,140.84,58.68388748168945
3522,140.88,61.26826095581055
3523,140.92000000000002,55.239994049072266
3524,140.96,66.19953155517578
3525,141.0,64.53558349609375
3526,141.04,88.40526580810547
3527,141.08,45.71779251098633
3528,141.12,43.96316146850586
3529,141.16,44.66468048095703
3530,141.20000000000002,66.67948913574219
3531,141.24,43.50095748901367
3532,141.28,65.11444091796875
3533,141.32,62.96537780761719
3534,141.36,60.35607147216797
3535,141.4,58.26995086669922
3536,141.44,59.01919174194336
3537,141.48,58.01496124267578
3538,141.52,53.09806442260742
3539,141.56,69.88021850585938
3540,141.6,63.69932556152344
3541,141.64000000000001,61.40407943725586
3542,141.68,63.34443283081055
3543,141.72,62.296165466308594
3544,141.76,66.11026763916016
3545,141.8,66.43585968017578
3546,141.84,61.55099868774414
3547,141.88,72.61151123046875
3548,141.92000000000002,61.43235778808594
3549,141.96,60.8728141784668
3550,142.0,63.108280181884766
3551,142.04,70.07023620605469
3552,142.08,65.28252410888672
3553,142.12,64.26954650878906
3554,142.16,60.963409423828125
3555,142.20000000000002,57.78276824951172
3556,142.24,69.32518768310547
3557,142.28,64.17400360107422
3558,142.32,65.5741195678711
3559,142.36,64.97760772705078
3560,142.4,64.07494354248047
3561,142.44,53.99630355834961
3562,142.48,64.4104232788086
3563,142.52,56.32990264892578
3564,142.56,72.5257568359375
3565,142.6,41.25835418701172
3566,142.64000000000001,71.69237518310547
3567,142.68,70.05729675292969
3568,142.72,70.281005859375
3569,142.76,71.05374908447266
3570,142.8,56.25389862060547
3571,142.84,66.54241943359375
3572,142.88,64.40955352783203
3573,142.92000000000002,66.59011840820312
3574,142.96,64.3187255859375
3575,143.0,50.539398193359375
3576,143.04,62.98048782348633
3577,143.08,56.4069709777832
3578,143.12,49.68523025512695
3579,143.16,94.49017333984375
3580,143.20000000000002,55.91952896118164
3581,143.24,72.08555603027344
3582,143.28,62.38786697387695
3583,143.32,60.8767204284668
3584,143.36,60.82649230957031
3585,143.4,58.80384826660156
3586,143.44,64.5677719116211
3587,143.48,63.309547424316406
3588,143.52,90.84059143066406
3589,143.56,63.96822738647461
3590,143.6,58.993289947509766
3591,143.64000000000001,60.905216217041016
3592,143.68,56.885562896728516
3593,143.72,58.73530197143555
3594,143.76,64.30162048339844
3595,143.8,59.50221252441406
3596,143.84,56.11166763305664
3597,143.88,57.43536376953125
3598,143.92000000000002,99.26803588867188
3599,143.96,65.9803466796875
3600,144.0,58.45517349243164
3601,144.04,61.423336029052734
3602,144.08,56.436927795410156
3603,144.12,61.83721160888672
3604,144.16,65.57150268554688
3605,144.20000000000002,63.64689636230469
3606,144.24,50.296749114990234
3607,144.28,59.19587326049805
3608,144.32,49.99408721923828
3609,144.36,58.243534088134766
3610,144.4,87.91743469238281
3611,144.44,57.4062614440918
3612,144.48,60.27075958251953
3613,144.52,66.21985626220703
3614,144.56,69.36207580566406
3615,144.6,60.738670349121094
3616,144.64000000000001,59.18450164794922
3617,144.68,107.29337310791016
3618,144.72,88.9183578491211
3619,144.76,79.87462615966797
3620,144.8,63.56067657470703
3621,144.84,54.661720275878906
3622,144.88,58.032508850097656
3623,144.92000000000002,64.81476593017578
3624,144.96,48.29738998413086
3625,145.0,75.47856903076172
